public_reference,mileage,reg_code,standard_colour,standard_make,standard_model,vehicle_condition,year_of_registration,price,body_type,crossover_car_and_van,fuel_type
2.02006E+14,0,,Grey,Volvo,XC90,NEW,,73970,SUV,FALSE,Petrol Plug-in Hybrid
2.02007E+14,108230,61,Blue,Jaguar,XF,USED,2011,7000,Saloon,FALSE,Diesel
2.02007E+14,7800,17,Grey,SKODA,Yeti,USED,2017,14000,SUV,FALSE,Petrol
2.02007E+14,45000,16,Brown,Vauxhall,Mokka,USED,2016,7995,Hatchback,FALSE,Diesel
2.02007E+14,64000,64,Grey,Land Rover,Range Rover Sport,USED,2015,26995,SUV,FALSE,Diesel
2.02009E+14,16000,17,Blue,Audi,S5,USED,2017,29000,Convertible,FALSE,Petrol
2.02007E+14,24075,17,Red,Vauxhall,Viva,USED,2017,5861,Hatchback,FALSE,Petrol
2.02009E+14,99000,13,Bronze,Land Rover,Range Rover,USED,2013,24475,SUV,FALSE,Diesel
2.0201E+14,111236,8,Black,Mercedes-Benz,S Class,USED,2008,6995,Limousine,FALSE,Diesel
2.02006E+14,9500,19,White,Land Rover,Range Rover,USED,2019,79995,SUV,FALSE,Diesel
2.02007E+14,77000,60,Grey,Volkswagen,Passat,USED,2010,4499,Saloon,FALSE,Diesel
2.02007E+14,24487,17,Black,Peugeot,208,USED,2017,8795,Hatchback,FALSE,Petrol
2.02009E+14,4765,69,White,SKODA,Octavia,USED,2019,16990,Estate,FALSE,Petrol
2.02009E+14,18214,19,Silver,SEAT,Leon,USED,2019,14290,Hatchback,FALSE,Petrol
2.0201E+14,31534,17,Grey,MINI,Hatch,USED,2017,19000,Hatchback,FALSE,Petrol
2.0201E+14,38603,16,Blue,BMW,2 Series Gran Tourer,USED,2016,16000,MPV,FALSE,Diesel
2.0201E+14,52023,66,Blue,Volkswagen,Golf,USED,2016,13500,Estate,FALSE,Diesel
2.01911E+14,5,,,Nissan,X-Trail,NEW,,27595,SUV,FALSE,Diesel
2.02008E+14,29500,12,Grey,Mercedes-Benz,C Class,USED,2012,9495,Saloon,FALSE,Petrol
2.02008E+14,0,,White,Volkswagen,T-Cross,NEW,,25000,SUV,FALSE,Petrol
2.02009E+14,35300,18,Grey,Vauxhall,Corsa,USED,2018,7293,Hatchback,FALSE,Petrol
2.0201E+14,47299,65,Black,Nissan,Qashqai,USED,2016,11500,SUV,FALSE,Diesel
2.0201E+14,3354,19,Blue,SKODA,Citigo,USED,2019,7999,Hatchback,FALSE,Petrol
2.02007E+14,90000,9,Silver,Mitsubishi,Colt,USED,2009,1795,Hatchback,FALSE,Petrol
2.02007E+14,98000,12,Black,Vauxhall,Astra GTC,USED,2012,3795,Coupe,FALSE,Diesel
2.02008E+14,49585,B,,Ferrari,308,USED,1984,54475,Convertible,FALSE,Petrol
2.0201E+14,2802,19,Grey,Citroen,Grand C4 SpaceTourer,USED,2019,16995,MPV,FALSE,Petrol
2.0201E+14,7990,19,Black,Toyota,Yaris,USED,2019,11147,Hatchback,FALSE,Petrol
2.02006E+14,11961,19,Red,Volvo,XC60,USED,2019,32995,SUV,FALSE,Diesel Hybrid
2.02009E+14,73000,61,Grey,Toyota,Verso,USED,2011,4290,MPV,FALSE,Diesel
2.0201E+14,17020,17,Grey,Vauxhall,Corsa,USED,2017,6795,Hatchback,FALSE,Petrol
2.01905E+14,7989,18,Blue,Kia,Sorento,USED,2018,30000,SUV,FALSE,Diesel
2.01905E+14,180000,64,White,SKODA,Octavia,USED,2014,3989,Hatchback,FALSE,Diesel
2.0191E+14,4445,69,White,Volvo,V40,USED,2019,16980,Hatchback,FALSE,Diesel
2.0191E+14,12999,69,White,Peugeot,208,USED,2019,9995,Hatchback,FALSE,Petrol
2.02001E+14,5000,69,Blue,SKODA,Octavia,USED,2019,12490,Hatchback,FALSE,Diesel
2.02001E+14,3699,69,White,Renault,Koleos,USED,2019,24899,SUV,FALSE,Diesel
2.02001E+14,0,,White,Fiat,Panda,NEW,,13999,Hatchback,FALSE,Petrol
2.02002E+14,10900,19,Blue,Volvo,V60,USED,2019,28500,Estate,FALSE,Petrol
2.02002E+14,35000,64,Black,Volkswagen,Golf,USED,2014,14500,Hatchback,FALSE,Diesel
2.02002E+14,79485,10,White,BMW,5 Series Gran Turismo,USED,2010,11995,Hatchback,FALSE,Petrol
2.02003E+14,40490,14,Red,Audi,A3,USED,2014,12870,Hatchback,FALSE,Petrol
2.02003E+14,4189,18,Black,Peugeot,108,USED,2018,8495,Hatchback,FALSE,Petrol
2.02003E+14,2000,69,Red,Honda,Jazz,USED,2019,14640,Hatchback,FALSE,Petrol
2.02003E+14,0,,,Honda,Civic,NEW,,19495,Hatchback,FALSE,Petrol
2.02003E+14,0,,Grey,Volvo,S60,NEW,,40264,Saloon,FALSE,Petrol
2.02003E+14,19000,18,Black,Mercedes-Benz,E Class,USED,2018,32980,Saloon,FALSE,Petrol Plug-in Hybrid
2.02004E+14,67440,3,Blue,Jaguar,XK8,USED,2003,12500,Convertible,FALSE,Petrol
2.02006E+14,61760,9,Silver,Vauxhall,Corsa,USED,2009,2295,Hatchback,FALSE,Petrol
2.02006E+14,37000,66,Grey,BMW,7 Series,USED,2016,30995,Saloon,FALSE,Diesel
2.02006E+14,0,,Grey,Fiat,500,NEW,,11700,Hatchback,FALSE,Petrol
2.02006E+14,64785,61,Silver,Volkswagen,Polo,USED,2011,4995,Hatchback,FALSE,Diesel
2.02006E+14,117420,61,Silver,Vauxhall,Astra,USED,2011,2295,Estate,FALSE,Diesel
2.02006E+14,7066,67,Purple,Volkswagen,Caddy Life,USED,2017,17975,MPV,TRUE,Petrol
2.02007E+14,30000,18,Red,Vauxhall,Insignia,USED,,11990,Hatchback,FALSE,Petrol
2.02007E+14,27000,63,Silver,Land Rover,Range Rover,USED,2013,38995,SUV,FALSE,Diesel Hybrid
2.02007E+14,47000,16,Black,Audi,A1,USED,2016,9800,Hatchback,FALSE,Petrol
2.02007E+14,10,,White,BMW,3 Series,NEW,,38905,Estate,FALSE,Diesel
2.02007E+14,29000,65,Grey,Citroen,C1,USED,2015,5495,Hatchback,FALSE,Petrol
2.02007E+14,58000,61,White,Bentley,Continental,USED,2011,39990,Coupe,FALSE,Petrol
2.02007E+14,38000,65,Black,Vauxhall,Mokka,USED,2015,8495,Hatchback,FALSE,Diesel
2.02007E+14,43395,63,Black,Audi,Q3,USED,2013,11699,SUV,FALSE,Diesel
2.02007E+14,85608,15,Red,Audi,S4,USED,2015,16000,Saloon,FALSE,Petrol
2.02007E+14,117000,9,Blue,BMW,X5,USED,2009,9495,SUV,FALSE,Diesel
2.02007E+14,62000,64,Silver,Nissan,Note,USED,2014,5195,Hatchback,FALSE,Diesel
2.02007E+14,5827,68,Red,Vauxhall,Corsa,USED,2018,10000,Hatchback,FALSE,Petrol
2.02007E+14,20853,18,Green,DS AUTOMOBILES,DS 3,USED,2018,8997,Hatchback,FALSE,Petrol
2.02007E+14,21474,67,Grey,Volvo,XC90,USED,2018,34950,SUV,FALSE,Diesel
2.02008E+14,10763,17,Green,MINI,Hatch,USED,2017,15490,Hatchback,FALSE,Petrol
2.02008E+14,28270,64,Red,Kia,Soul,USED,2014,6999,SUV,FALSE,Diesel
2.02008E+14,41632,64,White,Vauxhall,Mokka,USED,2014,7895,Hatchback,FALSE,Diesel
2.02008E+14,46062,9,Silver,Volvo,V50,USED,2009,6990,Estate,FALSE,Petrol
2.02008E+14,17499,18,White,Vauxhall,Corsa,USED,2018,8499,Hatchback,FALSE,Petrol
2.02008E+14,16423,15,Red,MINI,Convertible,USED,2015,12710,Convertible,FALSE,Petrol
2.02008E+14,52289,56,Blue,Citroen,C3,USED,2006,999,Hatchback,FALSE,Petrol
2.02008E+14,0,,White,Volkswagen,Polo,NEW,,16461,Hatchback,FALSE,Petrol
2.02008E+14,4290,20,Blue,Volkswagen,Golf,USED,2020,28190,Hatchback,FALSE,Petrol
2.02008E+14,72411,14,White,SEAT,Ibiza,USED,2014,5493,Hatchback,FALSE,Diesel
2.02008E+14,21000,12,Blue,Hyundai,ix20,USED,2012,6300,Hatchback,FALSE,Petrol
2.02008E+14,115000,8,Blue,MINI,Clubman,USED,2008,2795,Estate,FALSE,Diesel
2.02008E+14,121000,10,Black,Volkswagen,Golf,USED,2010,3995,Hatchback,FALSE,Diesel
2.02008E+14,30909,16,Blue,Citroen,C1,USED,2016,5695,Hatchback,FALSE,Petrol
2.02008E+14,7664,69,Blue,SKODA,Fabia,USED,2019,11000,Hatchback,FALSE,Petrol
2.02008E+14,42847,61,Red,Honda,Jazz,USED,,5695,Hatchback,FALSE,Petrol
2.02008E+14,3000,20,Red,Volvo,XC40,USED,2020,29895,SUV,FALSE,Petrol
2.02008E+14,54000,15,White,Mercedes-Benz,E Class,USED,2015,13450,Saloon,FALSE,Diesel
2.02008E+14,158900,3,Grey,Honda,Accord,USED,2003,1395,Estate,FALSE,Petrol
2.02008E+14,33000,66,Silver,Audi,A1,USED,2016,14995,Hatchback,FALSE,Diesel
2.02008E+14,30228,16,White,Renault,Clio,USED,2016,11999,Hatchback,FALSE,Petrol
2.02008E+14,1983,20,Grey,Volkswagen,T-Roc,USED,2020,23000,SUV,FALSE,Diesel
2.02008E+14,22369,17,White,Volkswagen,Tiguan,USED,2017,24000,SUV,FALSE,Diesel
2.02008E+14,9900,8,Black,Aston Martin,Vantage,USED,2008,39995,Convertible,FALSE,Petrol
2.02008E+14,3992,67,Blue,SKODA,Fabia,USED,2017,8999,Hatchback,FALSE,Petrol
2.02008E+14,60350,15,Black,Vauxhall,Insignia,USED,2015,6295,Hatchback,FALSE,Diesel
2.02008E+14,20000,65,Green,Fiat,500C,USED,2015,7690,Convertible,FALSE,Petrol
2.02008E+14,29062,66,Grey,Mercedes-Benz,A Class,USED,2016,15877,Hatchback,FALSE,Petrol
2.02009E+14,17375,67,White,Peugeot,108,USED,2018,7000,Hatchback,FALSE,Petrol
2.02009E+14,32000,67,Orange,Vauxhall,Mokka X,USED,2017,11695,SUV,FALSE,Petrol
2.02009E+14,5659,67,Blue,Nissan,Micra,USED,2017,10495,Hatchback,FALSE,Petrol
2.02009E+14,36308,12,Grey,Peugeot,107,USED,2012,3995,Hatchback,FALSE,Petrol
2.02009E+14,22225,66,Blue,Toyota,Auris,USED,2016,12995,Hatchback,FALSE,Petrol Hybrid
2.02009E+14,4000,70,Black,Mercedes-Benz,GLB Class,USED,2020,42980,SUV,FALSE,Diesel
2.02009E+14,14000,18,Black,BMW,5 Series,USED,2018,27990,Saloon,FALSE,Diesel
2.02009E+14,108534,62,Red,SEAT,Ibiza,USED,2012,2695,Estate,FALSE,Petrol
2.02009E+14,25000,16,White,SEAT,Ibiza,USED,2016,8995,Hatchback,FALSE,Petrol
2.02009E+14,12854,67,Blue,Peugeot,108,USED,2017,6399,Hatchback,FALSE,Petrol
2.02009E+14,30678,67,Black,Nissan,Qashqai,USED,2018,13550,SUV,FALSE,Diesel
2.02009E+14,27261,67,Red,Audi,S5,USED,2017,32000,Coupe,FALSE,Petrol
2.02009E+14,57000,12,Blue,Volkswagen,Scirocco,USED,2012,9995,Coupe,FALSE,Petrol
2.02009E+14,25287,67,Silver,BMW,5 Series,USED,2017,20000,Saloon,FALSE,Diesel
2.02009E+14,663,70,White,SEAT,Tarraco,USED,2020,27490,SUV,FALSE,Petrol
2.02009E+14,13000,17,Black,Volkswagen,Golf SV,USED,2017,13000,MPV,FALSE,Petrol
2.02009E+14,10,,Blue,Volkswagen,Polo,NEW,,16500,Hatchback,FALSE,Petrol
2.02009E+14,1568,19,Black,McLaren,Senna,USED,2019,585000,Coupe,FALSE,Petrol
2.02009E+14,102498,15,Black,BMW,1 Series,USED,2015,6990,Hatchback,FALSE,Diesel
2.02009E+14,12640,19,Silver,Citroen,C3 Aircross,USED,2019,9992,SUV,FALSE,Petrol
2.02009E+14,52618,67,Grey,MINI,Hatch,USED,2017,10250,Hatchback,FALSE,Petrol
2.02009E+14,4,,Black,Volkswagen,Golf,NEW,,26292,Hatchback,FALSE,Petrol
2.02009E+14,12000,17,Silver,Toyota,C-HR,USED,2017,16390,SUV,FALSE,Petrol Hybrid
2.02009E+14,42290,16,Black,Volkswagen,Polo,USED,2016,7790,Hatchback,FALSE,Petrol
2.02009E+14,33000,11,Yellow,Fiat,500C,USED,2011,3950,Convertible,FALSE,Petrol
2.02009E+14,2500,69,Blue,SKODA,Kamiq,USED,2020,16995,SUV,FALSE,Petrol
2.02009E+14,34749,16,Purple,DS AUTOMOBILES,DS 3 CABRIO,USED,2016,9300,Convertible,FALSE,Petrol
2.02009E+14,20900,18,White,SEAT,Leon,USED,2018,13495,Estate,FALSE,Petrol
2.02009E+14,27939,16,Black,Smart,forfour,USED,2016,7440,Hatchback,FALSE,Petrol
2.02009E+14,96000,13,Grey,SEAT,Leon,USED,2013,4975,Hatchback,FALSE,Diesel
2.02009E+14,9400,69,Black,Hyundai,i800,USED,2019,21495,MPV,FALSE,Diesel
2.02009E+14,32479,66,Blue,Fiat,500,USED,2016,6750,Hatchback,FALSE,Petrol
2.02009E+14,40773,16,Black,Peugeot,208,USED,2016,6800,Hatchback,FALSE,Petrol
2.02009E+14,4208,19,Silver,Vauxhall,Corsa,USED,2019,10500,Hatchback,FALSE,Petrol
2.02009E+14,20729,17,Silver,Mercedes-Benz,A Class,USED,2017,14685,Hatchback,FALSE,Diesel
2.02009E+14,26000,66,Black,BMW,X1,USED,2016,18989,SUV,FALSE,Diesel
2.02009E+14,10,70,White,Vauxhall,Crossland X,USED,2020,17700,SUV,FALSE,Petrol
2.02009E+14,28595,66,White,Renault,Zoe,USED,2016,8990,Hatchback,FALSE,Electric
2.02009E+14,43217,66,White,Audi,A4,USED,2016,11750,Saloon,FALSE,Petrol
2.02009E+14,16000,67,Blue,Land Rover,Range Rover Evoque,USED,2018,24750,SUV,FALSE,Diesel
2.02009E+14,62000,66,Blue,BMW,5 Series,USED,2016,17850,Saloon,FALSE,Diesel
2.02009E+14,3206,20,White,Volkswagen,Passat,USED,2020,21850,Estate,FALSE,Petrol
2.02009E+14,80000,14,Grey,Vauxhall,Insignia,USED,2014,4995,Hatchback,FALSE,Diesel
2.02009E+14,14400,18,Grey,Alfa Romeo,Giulia,USED,2018,45950,Saloon,FALSE,Petrol
2.02009E+14,70000,5,Black,Porsche,Boxster,USED,2005,9950,Convertible,FALSE,Petrol
2.02009E+14,14198,66,Yellow,Toyota,AYGO,USED,2016,7395,Hatchback,FALSE,Petrol
2.02009E+14,49323,64,Silver,Toyota,RAV4,USED,2014,11999,SUV,FALSE,Diesel
2.02009E+14,74000,67,Black,Mitsubishi,Outlander,USED,2017,16000,SUV,FALSE,Petrol Plug-in Hybrid
2.02009E+14,60000,59,Black,Citroen,C1,USED,2009,1995,Hatchback,FALSE,Petrol
2.02009E+14,84000,58,Black,Renault,Clio,USED,2008,1499,Hatchback,FALSE,Petrol
2.02009E+14,50411,67,Blue,Toyota,RAV4,USED,2017,13490,SUV,FALSE,Diesel
2.02009E+14,50146,15,Grey,Audi,Q3,USED,2015,16000,SUV,FALSE,Diesel
2.02009E+14,43000,64,White,Abarth,595C,USED,2014,10490,Convertible,FALSE,Petrol
2.02009E+14,41338,61,Silver,Volkswagen,Polo,USED,2011,7000,Hatchback,FALSE,Petrol
2.02009E+14,27375,67,Grey,Mercedes-Benz,S Class,USED,2018,52000,Coupe,FALSE,Petrol
2.02009E+14,22764,17,Blue,Nissan,Qashqai,USED,2017,11069,Hatchback,FALSE,Diesel
2.02009E+14,71994,61,Black,Vauxhall,Astra,USED,2011,2395,Hatchback,FALSE,Petrol
2.02009E+14,19119,19,Grey,Hyundai,Santa Fe,USED,2019,28392,SUV,FALSE,Diesel
2.02009E+14,40000,14,Red,Fiat,500,USED,2014,4999,Hatchback,FALSE,Petrol
2.02009E+14,50179,16,Blue,Porsche,Boxster,USED,2016,33992,Convertible,FALSE,Petrol
2.02009E+14,20422,18,Orange,Honda,Jazz,USED,2018,12991,Hatchback,FALSE,Petrol
2.02009E+14,5000,19,Red,SKODA,Fabia,USED,2019,14288,Estate,FALSE,Petrol
2.02009E+14,15264,17,White,Jaguar,XF,USED,2017,18725,Saloon,FALSE,Diesel
2.02009E+14,33446,18,White,Land Rover,Discovery Sport,USED,2018,24250,SUV,FALSE,Diesel
2.02009E+14,58000,11,Yellow,Vauxhall,Corsa,USED,2011,3495,Hatchback,FALSE,Petrol
2.02009E+14,28411,19,Black,Mercedes-Benz,E Class,USED,2019,26455,Saloon,FALSE,Diesel
2.02009E+14,22000,66,White,Mazda,CX-5,USED,2017,13995,SUV,FALSE,Petrol
2.02009E+14,2000,20,Turquoise,Volkswagen,T-Cross,USED,2020,18795,SUV,FALSE,Petrol
2.02009E+14,52000,16,Gold,Volvo,XC60,USED,2016,13490,SUV,FALSE,Diesel
2.02009E+14,143000,58,Red,Land Rover,Freelander 2,USED,2008,3390,SUV,FALSE,Diesel
2.02009E+14,42819,16,Silver,BMW,4 Series,USED,2016,17499,Convertible,FALSE,Petrol
2.02009E+14,35000,16,Black,Hyundai,i30,USED,2016,8282,Hatchback,FALSE,Petrol
2.02009E+14,76640,13,Grey,Vauxhall,Mokka,USED,2013,5511,Hatchback,FALSE,Petrol
2.02009E+14,4792,67,Grey,Vauxhall,Mokka X,USED,2017,12795,SUV,FALSE,Petrol
2.02009E+14,49755,16,Blue,Mercedes-Benz,GLA Class,USED,2016,16795,SUV,FALSE,Diesel
2.02009E+14,28066,17,Grey,Honda,CR-V,USED,2017,15999,SUV,FALSE,Diesel
2.02009E+14,22000,18,White,Volkswagen,Golf,USED,2018,22779,Hatchback,FALSE,Petrol
2.02009E+14,11606,17,Orange,Vauxhall,Mokka X,USED,2017,12000,SUV,FALSE,Petrol
2.02009E+14,90600,61,Silver,Mercedes-Benz,GL Class,USED,2011,13985,SUV,FALSE,Diesel
2.02009E+14,102929,59,Blue,Toyota,Avensis,USED,2009,3795,Saloon,FALSE,Petrol
2.02009E+14,5162,69,Blue,BMW,4 Series,USED,2019,29000,Coupe,FALSE,Diesel
2.02009E+14,9066,69,Blue,BMW,5 Series,USED,2019,24495,Saloon,FALSE,Petrol
2.02009E+14,6642,20,Grey,Volkswagen,Golf,USED,2020,19495,Hatchback,FALSE,Petrol
2.02009E+14,30503,68,Grey,Land Rover,Range Rover Evoque,USED,2018,27990,SUV,FALSE,Diesel
2.02009E+14,3083,20,Red,Mazda,Mazda3,USED,2020,20780,Hatchback,FALSE,Petrol
2.02009E+14,1250,70,Blue,Mercedes-Benz,GLE Class,USED,2020,60995,SUV,FALSE,Diesel
2.02009E+14,90000,62,Silver,Kia,Venga,USED,2012,2600,Hatchback,FALSE,Diesel
2.02009E+14,84638,13,Black,Mercedes-Benz,C Class,USED,2013,11698,Estate,FALSE,Diesel
2.02009E+14,8000,19,White,Audi,A5,USED,2019,27944,Hatchback,FALSE,Petrol
2.02009E+14,59000,14,Black,Toyota,Prius+,USED,2014,10495,MPV,FALSE,Petrol Hybrid
2.02009E+14,60000,64,Blue,Peugeot,3008,USED,2014,6995,SUV,FALSE,Diesel
2.02009E+14,151580,8,Black,Audi,TT,USED,2008,3490,Coupe,FALSE,Petrol
2.02009E+14,16439,19,Black,Mercedes-Benz,A Class,USED,2019,15989,Hatchback,FALSE,Diesel
2.02009E+14,10,,White,Mitsubishi,Mirage,NEW,,14615,Hatchback,FALSE,Petrol
2.02009E+14,10000,68,Silver,Nissan,Qashqai,USED,2018,18495,SUV,FALSE,Diesel
2.02009E+14,8316,19,Blue,Renault,Kadjar,USED,2019,15690,SUV,FALSE,Petrol
2.02009E+14,48000,64,Blue,Citroen,C1,USED,2014,4495,Hatchback,FALSE,Petrol
2.0201E+14,80584,62,Green,BMW,5 Series,USED,2012,9999,Saloon,FALSE,Petrol
2.0201E+14,25000,67,Black,Mitsubishi,Outlander,USED,2017,19995,SUV,FALSE,Petrol Plug-in Hybrid
2.0201E+14,50,70,Blue,Suzuki,Swift,USED,2020,10950,Hatchback,FALSE,Petrol Hybrid
2.0201E+14,9003,67,White,Renault,Clio,USED,2017,8595,Hatchback,FALSE,Petrol
2.0201E+14,10,70,Silver,Nissan,X-Trail,USED,2020,26795,SUV,FALSE,Diesel
2.0201E+14,60000,64,Brown,Land Rover,Range Rover,USED,2015,31990,SUV,FALSE,Diesel
2.0201E+14,15000,19,Purple,Citroen,C4 Cactus,USED,2019,11995,Hatchback,FALSE,Petrol
2.0201E+14,45000,65,Brown,Land Rover,Range Rover Sport,USED,2016,30994,SUV,FALSE,Diesel
2.0201E+14,27000,18,White,Volkswagen,Golf,USED,2018,23995,Estate,FALSE,Petrol
2.0201E+14,18000,18,Black,Land Rover,Range Rover Sport,USED,2018,97500,SUV,FALSE,Petrol
2.0201E+14,25712,65,White,DS AUTOMOBILES,DS 3,USED,2015,6250,Hatchback,FALSE,Petrol
2.0201E+14,872,19,Blue,Audi,TTS,USED,2019,37980,Coupe,FALSE,Petrol
2.0201E+14,48504,67,Grey,Mercedes-Benz,E Class,USED,2017,17208,Saloon,FALSE,Diesel
2.0201E+14,5937,17,Silver,MINI,Hatch,USED,2017,11980,Hatchback,FALSE,Diesel
2.0201E+14,65058,66,Black,Mitsubishi,Outlander,USED,2016,15990,SUV,FALSE,Petrol Plug-in Hybrid
2.0201E+14,24841,18,White,Kia,Sorento,USED,2018,24371,SUV,FALSE,Diesel
2.0201E+14,13739,69,Silver,Mercedes-Benz,S Class,USED,2019,89995,Saloon,FALSE,Petrol
2.0201E+14,124000,16,Red,Land Rover,Discovery Sport,USED,2016,13989,SUV,FALSE,Diesel
2.0201E+14,1,,White,BMW,X3,NEW,,41980,SUV,FALSE,Diesel Hybrid
2.0201E+14,10,70,White,Nissan,Qashqai,USED,2020,24995,SUV,FALSE,Diesel
2.0201E+14,11538,19,Grey,Vauxhall,Corsa,USED,2019,9075,Hatchback,FALSE,Petrol
2.0201E+14,135000,11,Black,Volkswagen,Golf,USED,2011,3599,Estate,FALSE,Diesel
2.0201E+14,150000,56,Silver,Audi,A4,USED,2006,1100,Saloon,FALSE,Diesel
2.0201E+14,50,70,Silver,Porsche,Cayenne,USED,2020,69795,SUV,FALSE,Petrol
2.0201E+14,31131,66,Grey,Volvo,XC90,USED,2016,32995,SUV,FALSE,Diesel
2.0201E+14,15806,68,White,Volkswagen,Golf,USED,2018,18700,Hatchback,FALSE,Petrol
2.0201E+14,46430,14,Blue,Volkswagen,Polo,USED,2014,6695,Hatchback,FALSE,Petrol
2.0201E+14,1810,69,White,Kia,Ceed,USED,2019,15499,Hatchback,FALSE,Diesel
2.0201E+14,12700,67,Blue,Renault,Captur,USED,2017,11495,SUV,FALSE,Petrol
2.0201E+14,10,,White,Audi,A3,NEW,,28255,Saloon,FALSE,Petrol
2.0201E+14,25000,65,Black,Peugeot,208,USED,2016,6995,Hatchback,FALSE,Petrol
2.0201E+14,10,70,White,Mazda,Mazda3,USED,2020,23290,Hatchback,FALSE,Petrol
2.0201E+14,33847,18,Black,Audi,A3,USED,2018,18075,Saloon,FALSE,Petrol
2.0201E+14,26000,15,Grey,Hyundai,ix35,USED,2015,8499,SUV,FALSE,Petrol
2.0201E+14,5000,20,Red,Jaguar,E-PACE,USED,2020,31900,SUV,FALSE,Diesel
2.0201E+14,55520,64,White,Kia,Sportage,USED,2014,9900,SUV,FALSE,Petrol
2.0201E+14,15992,67,Red,Citroen,C1,USED,2017,7495,Hatchback,FALSE,Petrol
2.0201E+14,50000,16,Red,Kia,Sportage,USED,2016,13485,SUV,FALSE,Diesel
2.0201E+14,4598,69,Silver,BMW,X3,USED,2019,33980,SUV,FALSE,Diesel
2.0201E+14,34741,17,Red,Nissan,Juke,USED,2017,9275,SUV,FALSE,Diesel
2.0201E+14,39406,17,Black,Land Rover,Range Rover Evoque,USED,2017,20000,SUV,FALSE,Diesel
2.0201E+14,40551,16,Silver,Land Rover,Discovery Sport,USED,2016,22499,SUV,FALSE,Diesel
2.0201E+14,80000,67,Black,Mercedes-Benz,E Class,USED,2017,23489,Coupe,FALSE,Diesel
2.0201E+14,28786,16,Grey,Mercedes-Benz,C Class,USED,2016,19451,Saloon,FALSE,Diesel
2.0201E+14,34100,17,Silver,Toyota,C-HR,USED,2017,12879,SUV,FALSE,Petrol
2.0201E+14,99000,9,Silver,Toyota,Corolla Verso,USED,2009,3250,MPV,FALSE,Petrol
2.0201E+14,32608,16,Grey,Audi,A6 Allroad,USED,2016,21800,Estate,FALSE,Diesel
2.0201E+14,47079,63,Grey,BMW,5 Series,USED,2013,13500,Saloon,FALSE,Diesel
2.0201E+14,37721,16,Blue,Toyota,Yaris,USED,2016,10795,Hatchback,FALSE,Petrol Hybrid
2.0201E+14,10,,Grey,Audi,A5 Cabriolet,NEW,,39845,Convertible,FALSE,Petrol
2.0201E+14,58000,62,White,Land Rover,Range Rover Evoque,USED,2012,14995,SUV,FALSE,Diesel
2.0201E+14,85850,8,Blue,Vauxhall,Corsa,USED,2008,1899,Hatchback,FALSE,Petrol
2.0201E+14,41227,15,Blue,Audi,A1,USED,2015,11799,Hatchback,FALSE,Petrol
2.0201E+14,5,,White,Suzuki,Ignis,NEW,,15964,Hatchback,FALSE,Petrol Hybrid
2.0201E+14,38976,63,Red,MINI,Countryman,USED,2013,7995,SUV,FALSE,Petrol
2.0201E+14,15382,18,Blue,Hyundai,Santa Fe,USED,2018,20000,SUV,FALSE,Diesel
2.0201E+14,52044,63,Black,Mercedes-Benz,E Class,USED,2013,13450,Estate,FALSE,Diesel Hybrid
2.0201E+14,23000,68,White,Mercedes-Benz,GLA Class,USED,2018,19295,SUV,FALSE,Petrol
2.0201E+14,41000,62,Black,Mercedes-Benz,C Class,USED,2012,9999,Estate,FALSE,Diesel
2.0201E+14,33410,18,Black,SEAT,Leon,USED,2018,12039,Hatchback,FALSE,Petrol
2.0201E+14,58472,63,Blue,Renault,Clio,USED,2013,5495,Hatchback,FALSE,Petrol
2.0201E+14,45000,14,White,Toyota,AYGO,USED,2014,4485,Hatchback,FALSE,Petrol
2.0201E+14,0,,Silver,Audi,Q3,NEW,,41101,SUV,FALSE,Diesel
2.0201E+14,196000,66,Black,Toyota,Avensis,USED,2016,4989,Estate,FALSE,Diesel
2.0201E+14,26890,67,Black,Jaguar,XF,USED,2017,16330,Saloon,FALSE,Diesel
2.0201E+14,34080,66,Black,Mercedes-Benz,GLA Class,USED,2016,18500,SUV,FALSE,Diesel
2.0201E+14,44000,14,Black,Hyundai,ix35,USED,2014,7995,SUV,FALSE,Diesel
2.0201E+14,18660,16,Blue,Honda,Jazz,USED,2016,9250,Hatchback,FALSE,Petrol
2.0201E+14,28739,18,Black,Peugeot,208,USED,2018,9296,Hatchback,FALSE,Petrol
2.0201E+14,12490,19,Red,Mazda,CX-5,USED,2019,22075,SUV,FALSE,Petrol
2.0201E+14,33670,66,White,Kia,Sportage,USED,2016,10495,SUV,FALSE,Diesel
2.0201E+14,4385,20,Grey,BMW,3 Series,USED,2020,28000,Saloon,FALSE,Petrol
2.0201E+14,63262,13,White,Audi,A1,USED,2013,9000,Hatchback,FALSE,Diesel
2.0201E+14,24000,66,Blue,Mercedes-Benz,A Class,USED,2017,16647,Hatchback,FALSE,Petrol
2.0201E+14,20319,17,White,BMW,3 Series,USED,2017,17974,Saloon,FALSE,Diesel
2.0201E+14,1008,20,White,MG,MG ZS,USED,2020,20000,SUV,FALSE,Electric
2.0201E+14,80000,3,Green,Vauxhall,Zafira,USED,2003,1980,MPV,FALSE,Petrol
2.0201E+14,56756,17,Black,BMW,3 Series,USED,2017,14750,Saloon,FALSE,Diesel
2.0201E+14,83500,64,Brown,BMW,5 Series,USED,2014,11500,Estate,FALSE,Diesel
2.0201E+14,46000,66,Blue,Land Rover,Range Rover Sport,USED,2016,56948,SUV,FALSE,Petrol
2.0201E+14,53037,62,Blue,Suzuki,Swift,USED,2012,4295,Hatchback,FALSE,Petrol
2.0201E+14,45418,17,Silver,Nissan,Qashqai,USED,2017,11239,SUV,FALSE,Diesel
2.0201E+14,11303,68,Black,Audi,A1,USED,2018,16500,Hatchback,FALSE,Petrol
2.0201E+14,50,,Blue,Toyota,Yaris,NEW,,22275,Hatchback,FALSE,Petrol Hybrid
2.0201E+14,142000,60,White,BMW,1 Series,USED,2011,2795,Hatchback,FALSE,Diesel
2.0201E+14,75000,14,Black,Porsche,911,USED,2014,51950,Convertible,FALSE,Petrol
2.0201E+14,42784,59,Grey,Hyundai,i10,USED,2009,2595,Hatchback,FALSE,Petrol
2.0201E+14,171000,W,Red,Toyota,Yaris Verso,USED,2000,495,Hatchback,FALSE,Petrol
2.0201E+14,8230,68,Black,Toyota,C-HR,USED,2018,21000,SUV,FALSE,Petrol Hybrid
2.0201E+14,35000,17,Black,Land Rover,Range Rover Sport,USED,2017,44060,SUV,FALSE,Diesel
2.0201E+14,31573,64,White,Porsche,Panamera,USED,2014,31789,Hatchback,FALSE,Diesel
2.0201E+14,21465,15,Red,Kia,Rio,USED,2015,6990,Hatchback,FALSE,Petrol
2.0201E+14,855,20,Red,Vauxhall,Crossland X,USED,2020,17995,SUV,FALSE,Petrol
2.0201E+14,35885,17,Black,Nissan,Qashqai,USED,2017,12449,SUV,FALSE,Diesel
2.0201E+14,76000,9,Black,Peugeot,207 CC,USED,2009,1995,Convertible,FALSE,Petrol
2.0201E+14,66000,2,Grey,Porsche,Boxster,USED,2002,6495,Convertible,FALSE,Petrol
2.0201E+14,43738,14,White,Fiat,500L,USED,2014,6750,MPV,FALSE,Diesel
2.0201E+14,36000,60,White,MINI,Countryman,USED,2010,6850,SUV,FALSE,Diesel
2.0201E+14,24743,65,Green,Fiat,500,USED,2015,6345,Hatchback,FALSE,Petrol
2.0201E+14,94400,16,Red,Land Rover,Discovery Sport,USED,2016,17749,SUV,FALSE,Diesel
2.0201E+14,6535,69,Grey,Land Rover,Discovery Sport,USED,2019,38750,SUV,FALSE,Diesel
2.0201E+14,90000,62,White,SKODA,Octavia,USED,2012,4687,Estate,FALSE,Diesel
2.0201E+14,33279,66,Black,Audi,A4 Avant,USED,2017,15500,Estate,FALSE,Diesel
2.0201E+14,73029,15,Silver,Volvo,V40,USED,2015,9000,Hatchback,FALSE,Diesel
2.0201E+14,10,,Silver,Hyundai,i30,NEW,,23990,Estate,FALSE,Petrol
2.0201E+14,58300,14,Black,Dacia,Sandero Stepway,USED,2014,4500,Hatchback,FALSE,Diesel
2.0201E+14,10,,Multicolour,Volkswagen,ID.3,NEW,,35880,Hatchback,FALSE,Electric
2.0201E+14,60000,10,Silver,Volvo,XC60,USED,2010,8911,SUV,FALSE,Diesel
2.0201E+14,29119,66,White,Hyundai,i20,USED,2016,7800,Hatchback,FALSE,Petrol
2.0201E+14,30000,64,Blue,Volvo,V40,USED,2015,7990,Hatchback,FALSE,Diesel
2.0201E+14,59758,66,Silver,Volkswagen,Passat,USED,2017,11000,Saloon,FALSE,Diesel
2.0201E+14,6442,69,Blue,Volvo,XC40,USED,2019,28950,SUV,FALSE,Petrol
2.0201E+14,31846,67,Red,Honda,CR-V,USED,2017,13437,SUV,FALSE,Diesel
2.0201E+14,58000,15,Blue,Subaru,WRX STI,USED,2015,15000,Saloon,FALSE,Petrol
2.0201E+14,33287,63,Red,Volkswagen,Caddy,USED,2013,10990,,FALSE,Diesel
2.0201E+14,33653,14,Red,Mercedes-Benz,A Class,USED,2014,11975,Hatchback,FALSE,Petrol
2.0201E+14,2727,19,White,Peugeot,208,USED,2019,11250,Hatchback,FALSE,Petrol
2.0201E+14,86500,8,Black,Renault,Clio,USED,2008,1390,Hatchback,FALSE,Petrol
2.0201E+14,54000,60,Black,Kia,Picanto,USED,2010,2150,Hatchback,FALSE,Petrol
2.0201E+14,44163,W,Silver,Volkswagen,Beetle,USED,2000,1100,Hatchback,FALSE,Petrol
2.0201E+14,31549,63,Grey,Toyota,Verso,USED,2013,9983,MPV,FALSE,Petrol
2.0201E+14,21458,17,Blue,Peugeot,308,USED,2017,11500,Hatchback,FALSE,Petrol
2.0201E+14,58693,15,Red,Mercedes-Benz,A Class,USED,2015,11490,Hatchback,FALSE,Diesel
2.0201E+14,20,70,Grey,Renault,Captur,USED,2020,19000,SUV,FALSE,Petrol
2.0201E+14,99852,57,Blue,Kia,Picanto,USED,2007,650,Hatchback,FALSE,Petrol
2.0201E+14,30586,65,,Land Rover,Range Rover Sport,USED,2016,37950,SUV,FALSE,Diesel
2.0201E+14,23660,67,Black,SKODA,Octavia,USED,2017,14111,Estate,FALSE,Petrol
2.0201E+14,42000,61,White,Mercedes-Benz,C Class,USED,2011,23950,Coupe,FALSE,Petrol
2.0201E+14,22088,67,Blue,Volkswagen,Touran,USED,2017,19675,MPV,FALSE,Petrol
2.0201E+14,4128,20,Grey,Volvo,XC40,USED,2020,33995,SUV,FALSE,Petrol
2.0201E+14,46286,17,Blue,Vauxhall,Astra,USED,2017,9995,Hatchback,FALSE,Petrol
2.0201E+14,51484,64,White,Mercedes-Benz,C Class,USED,2014,10000,Coupe,FALSE,Diesel
2.0201E+14,6506,68,Blue,Toyota,Yaris,USED,2018,9845,Hatchback,FALSE,Petrol
2.0201E+14,10,,Red,Peugeot,2008,NEW,,30215,SUV,FALSE,Petrol
2.0201E+14,101340,6,Silver,Honda,Civic,USED,2006,2095,Hatchback,FALSE,Petrol
2.0201E+14,13168,68,Black,Volkswagen,Golf,USED,2018,24250,Hatchback,FALSE,Petrol
2.0201E+14,0,,Grey,Volvo,XC90,NEW,,63346,SUV,FALSE,Diesel Hybrid
2.0201E+14,54039,14,Red,Vauxhall,Corsa,USED,2014,5300,Hatchback,FALSE,Petrol
2.0201E+14,10672,69,Red,Vauxhall,Astra,USED,2019,13300,Hatchback,FALSE,Petrol
2.0201E+14,108000,12,Blue,Audi,A4,USED,2012,7299,Saloon,FALSE,Diesel
2.0201E+14,15626,67,Blue,Toyota,Yaris,USED,2017,12995,Hatchback,FALSE,Petrol Hybrid
2.0201E+14,79921,15,Grey,Audi,A6 Saloon,USED,2015,13984,Saloon,FALSE,Diesel
2.0201E+14,35000,66,Blue,Audi,S4,USED,2017,26295,Saloon,FALSE,Petrol
2.0201E+14,88000,10,Silver,Peugeot,207,USED,2010,1795,Hatchback,FALSE,Petrol
2.0201E+14,68000,8,White,Volkswagen,Golf,USED,2008,8000,Hatchback,FALSE,Petrol
2.0201E+14,71800,52,Silver,Volkswagen,Polo,USED,2002,1500,Hatchback,FALSE,Petrol
2.0201E+14,14651,68,White,Citroen,C3 Aircross,USED,2019,12791,SUV,FALSE,Petrol
2.0201E+14,30707,64,Grey,Citroen,C1,USED,2014,5289,Hatchback,FALSE,Petrol
2.0201E+14,49610,15,White,Volkswagen,Golf,USED,2015,9000,Hatchback,FALSE,Diesel
2.0201E+14,145000,53,Silver,Nissan,X-Trail,USED,2003,1500,SUV,FALSE,Diesel
2.0201E+14,49532,66,Grey,Mercedes-Benz,CLA Class,USED,2016,15990,Estate,FALSE,Diesel
2.0201E+14,26000,17,Blue,Mercedes-Benz,A Class,USED,2017,17000,Hatchback,FALSE,Petrol
2.0201E+14,5,,Yellow,Volkswagen,Golf,NEW,,29062,Hatchback,FALSE,Diesel
2.02011E+14,10,,Grey,Audi,A4,NEW,,38245,Saloon,FALSE,Diesel
2.01909E+14,0,,Blue,Vauxhall,Astra,NEW,,18894,Hatchback,FALSE,Petrol
2.01909E+14,5743,69,Black,Mercedes-Benz,C Class,USED,2019,27980,Saloon,FALSE,Diesel
2.0191E+14,4441,69,Orange,Audi,Q2,USED,2019,23950,SUV,FALSE,Diesel
2.0191E+14,12000,68,Black,Land Rover,Range Rover Velar,USED,2018,46990,SUV,FALSE,Diesel
2.0191E+14,10,,Beige,Citroen,C1,NEW,,11890,Hatchback,FALSE,Petrol
2.02001E+14,5690,19,Silver,Mercedes-Benz,B Class,USED,2019,23299,MPV,FALSE,Diesel
2.02001E+14,2500,69,Blue,Dacia,Sandero,USED,2019,11995,Hatchback,FALSE,Diesel
2.02001E+14,6000,69,White,SsangYong,Korando,USED,2019,21990,SUV,FALSE,Diesel
2.02002E+14,4715,20,Grey,Volvo,V60,USED,2020,29000,Estate,FALSE,Diesel
2.02002E+14,1192,69,Silver,Honda,Jazz,USED,2019,10970,Hatchback,FALSE,Petrol
2.02003E+14,7234,20,White,Audi,TTS,USED,2020,41000,Coupe,FALSE,Petrol
2.02003E+14,3694,20,White,Volvo,XC40,USED,2020,31390,SUV,FALSE,Diesel
2.02003E+14,19000,67,White,Toyota,AYGO,USED,2018,7695,Hatchback,FALSE,Petrol
2.02003E+14,0,,Grey,Volvo,S60,NEW,,42217,Saloon,FALSE,Petrol
2.02004E+14,2500,70,Grey,Volkswagen,T-Cross,USED,2020,20590,SUV,FALSE,Petrol
2.02005E+14,10,,Blue,Land Rover,Range Rover,NEW,,102473,SUV,FALSE,Diesel
2.02005E+14,0,,Blue,SKODA,Kodiaq,NEW,,36320,SUV,FALSE,Petrol
2.02006E+14,75000,15,Blue,BMW,4 Series Gran Coupe,USED,2015,18500,Saloon,FALSE,Diesel
2.02006E+14,4068,20,White,SKODA,Scala,USED,2020,16990,Hatchback,FALSE,Petrol
2.02006E+14,76000,65,White,Volkswagen,Golf,USED,2016,12995,Hatchback,FALSE,Diesel
2.02006E+14,4800,68,Bronze,Fiat,500L,USED,2018,11740,MPV,FALSE,Petrol
2.02006E+14,60000,10,Black,Volkswagen,Fox,USED,2010,2450,Hatchback,FALSE,Petrol
2.02006E+14,29089,16,Red,SKODA,Fabia,USED,2016,7000,Hatchback,FALSE,Petrol
2.02006E+14,3700,20,Blue,Maserati,Levante,USED,2020,59950,SUV,FALSE,Petrol
2.02006E+14,33675,65,Blue,BMW,3 Series Gran Turismo,USED,2015,15657,Hatchback,FALSE,Diesel
2.02006E+14,87923,65,Blue,Alfa Romeo,Giulietta,USED,2015,5100,Hatchback,FALSE,Diesel
2.02007E+14,500,20,Grey,Volvo,V90 Cross Country,USED,2020,32990,Estate,FALSE,Petrol
2.02007E+14,38555,17,White,BMW,3 Series,USED,2017,17550,Saloon,FALSE,Petrol Plug-in Hybrid
2.02007E+14,15,,Red,Jaguar,E-PACE,NEW,,35767,SUV,FALSE,Petrol
2.02007E+14,48292,14,White,Mercedes-Benz,CLS,USED,2014,16999,Coupe,FALSE,Diesel
2.02007E+14,37073,66,White,Vauxhall,Zafira Tourer,USED,2016,9500,MPV,FALSE,Petrol
2.02007E+14,11035,65,Black,MINI,Hatch,USED,2016,11995,Hatchback,FALSE,Petrol
2.02007E+14,60000,66,Blue,Vauxhall,Zafira Tourer,USED,2016,7999,MPV,FALSE,Diesel
2.02007E+14,65672,60,Grey,Vauxhall,Astra,USED,2010,3600,Hatchback,FALSE,Petrol
2.02007E+14,42000,66,Red,Vauxhall,Corsa,USED,2016,3995,Hatchback,FALSE,Petrol
2.02007E+14,87388,11,Silver,Vauxhall,Corsa,USED,2011,2695,Hatchback,FALSE,Petrol
2.02007E+14,1,,Black,BMW,X6M,NEW,,107490,SUV,FALSE,Petrol
2.02007E+14,70000,16,Silver,Audi,A6 Avant,USED,2016,15995,Estate,FALSE,Diesel
2.02007E+14,3118,20,Black,Mercedes-Benz,A Class,USED,2020,30419,Hatchback,FALSE,Petrol Plug-in Hybrid
2.02007E+14,44111,14,White,Honda,CR-V,USED,2014,13000,SUV,FALSE,Petrol
2.02007E+14,113256,56,Black,Mitsubishi,Grandis,USED,2007,1995,MPV,FALSE,Diesel
2.02007E+14,74000,13,Black,Vauxhall,Corsa,USED,2013,3490,Hatchback,FALSE,Petrol
2.02007E+14,21904,67,Blue,Volvo,XC90,USED,2017,30750,SUV,FALSE,Diesel
2.02007E+14,5702,17,White,Hyundai,ix20,USED,2017,10000,MPV,FALSE,Petrol
2.02008E+14,67000,57,Silver,Mercedes-Benz,C Class,USED,2007,5995,Saloon,FALSE,Petrol
2.02008E+14,22941,18,Black,Peugeot,208,USED,2018,8852,Hatchback,FALSE,Petrol
2.02008E+14,10,20,Black,Land Rover,Range Rover Evoque,USED,2020,37490,SUV,FALSE,Diesel
2.02008E+14,75123,10,Silver,Kia,Picanto,USED,2010,1295,Hatchback,FALSE,Petrol
2.02008E+14,16050,14,Black,Ferrari,458,USED,2014,139990,Coupe,FALSE,Petrol
2.02008E+14,17000,17,Black,DS AUTOMOBILES,DS 3,USED,2017,9499,Hatchback,FALSE,Petrol
2.02008E+14,6851,69,Silver,Hyundai,Ioniq,USED,2019,25999,Hatchback,FALSE,Electric
2.02008E+14,31000,18,White,Hyundai,i10,USED,2018,7000,Hatchback,FALSE,Petrol
2.02008E+14,15129,17,Black,Porsche,718 Cayman,USED,2017,38000,Coupe,FALSE,Petrol
2.02008E+14,114000,4,Silver,Vauxhall,Astra,USED,2004,894,Hatchback,FALSE,Petrol
2.02008E+14,17700,67,White,Mercedes-Benz,A Class,USED,2018,17995,Hatchback,FALSE,Petrol
2.02008E+14,66405,59,Silver,Honda,Civic,USED,2009,3795,Hatchback,FALSE,Petrol
2.02008E+14,42333,64,Red,Volkswagen,Golf,USED,2014,11495,Hatchback,FALSE,Petrol
2.02008E+14,39950,67,Black,Mercedes-Benz,GLS Class,USED,2017,42950,SUV,FALSE,Diesel
2.02008E+14,31000,17,White,Land Rover,Range Rover Evoque,USED,2017,27990,Convertible,FALSE,Diesel
2.02008E+14,72400,13,Silver,Hyundai,i10,USED,2013,4999,Hatchback,FALSE,Petrol
2.02008E+14,41397,17,Grey,Vauxhall,Corsa,USED,2017,9299,Hatchback,FALSE,Petrol
2.02008E+14,17649,67,White,SKODA,Fabia,USED,2017,8990,Hatchback,FALSE,Petrol
2.02008E+14,12085,19,Silver,Mercedes-Benz,C Class,USED,2019,27397,Convertible,FALSE,Diesel
2.02008E+14,74000,11,,Smart,fortwo,USED,2011,3000,Coupe,FALSE,Petrol
2.02008E+14,10,,Black,Volvo,XC40,NEW,,37138,SUV,FALSE,Diesel
2.02008E+14,15824,67,Silver,Citroen,C4 Cactus,USED,2018,9325,Hatchback,FALSE,Diesel
2.02008E+14,15600,68,Black,Audi,A7,USED,2018,36995,Hatchback,FALSE,Petrol
2.02008E+14,27445,66,White,Land Rover,Discovery Sport,USED,2017,22200,SUV,FALSE,Diesel
2.02008E+14,10907,20,White,BMW,3 Series,USED,2020,29950,Saloon,FALSE,Petrol
2.02008E+14,5036,69,Grey,Volvo,XC40,USED,2019,30995,SUV,FALSE,Diesel
2.02008E+14,2000,20,Blue,BMW,X2,USED,2020,34840,SUV,FALSE,Petrol
2.02008E+14,14302,68,Grey,SEAT,Leon,USED,2018,14795,Estate,FALSE,Petrol
2.02008E+14,7820,19,Black,SEAT,Leon,USED,2019,13995,Hatchback,FALSE,Petrol
2.02008E+14,31371,65,Black,Audi,RS7,USED,2015,40000,Hatchback,FALSE,Petrol
2.02009E+14,128200,11,Silver,Vauxhall,Insignia,USED,2011,299,Hatchback,FALSE,Diesel
2.02009E+14,31001,65,Black,Citroen,C4 Picasso,USED,2015,8991,MPV,FALSE,Diesel
2.02009E+14,93000,15,Silver,Vauxhall,Corsa,USED,2015,3990,Hatchback,FALSE,Petrol
2.02009E+14,34179,66,Red,Volkswagen,up!,USED,2016,7073,Hatchback,FALSE,Petrol
2.02009E+14,74488,64,White,Toyota,Auris,USED,2014,5385,Hatchback,FALSE,Diesel
2.02009E+14,175000,J,Blue,Mercedes-Benz,SEC Series,USED,1991,19990,Coupe,FALSE,Petrol
2.02009E+14,24566,17,Blue,Nissan,Juke,USED,2017,11599,SUV,FALSE,Petrol
2.02009E+14,24600,67,White,Dacia,Sandero Stepway,USED,2017,7480,Hatchback,FALSE,Petrol
2.02009E+14,6052,69,Black,BMW,1 Series,USED,2019,24995,Hatchback,FALSE,Petrol
2.02009E+14,60000,16,Grey,Audi,A3,USED,2016,13450,Hatchback,FALSE,Diesel
2.02009E+14,29575,17,Grey,Hyundai,Tucson,USED,2017,13295,SUV,FALSE,Diesel
2.02009E+14,52280,65,Red,Vauxhall,Corsa,USED,2015,5995,Hatchback,FALSE,Petrol
2.02009E+14,43557,17,Black,Honda,Civic,USED,2017,10800,Hatchback,FALSE,Petrol
2.02009E+14,1499,70,Blue,Mercedes-Benz,A Class,USED,2020,32990,Hatchback,FALSE,Petrol
2.02009E+14,21486,67,Grey,Mitsubishi,Outlander,USED,2017,20995,SUV,FALSE,Petrol Plug-in Hybrid
2.02009E+14,6926,69,Black,Nissan,Qashqai,USED,2020,16995,SUV,FALSE,Petrol
2.02009E+14,60000,13,Red,Fiat,500L,USED,2013,4995,MPV,FALSE,Petrol
2.02009E+14,12369,19,Black,Vauxhall,Corsa,USED,2019,9500,Hatchback,FALSE,Petrol
2.02009E+14,15356,18,White,Suzuki,Celerio,USED,2018,5795,Hatchback,FALSE,Petrol
2.02009E+14,25039,66,Black,Hyundai,i20,USED,2016,7995,Hatchback,FALSE,Petrol
2.02009E+14,5,,Silver,Toyota,Camry,NEW,,28479,Saloon,FALSE,Petrol Hybrid
2.02009E+14,11698,19,White,BMW,3 Series,USED,2019,23297,Estate,FALSE,Petrol
2.02009E+14,4999,70,Black,Audi,A3,USED,2020,29500,Saloon,FALSE,Petrol
2.02009E+14,9582,19,Silver,Kia,Sportage,USED,2019,17995,SUV,FALSE,Petrol
2.02009E+14,15090,18,Grey,Nissan,Leaf,USED,2018,20995,Hatchback,FALSE,Electric
2.02009E+14,2000,70,Black,Mercedes-Benz,GLB Class,USED,2020,38900,SUV,FALSE,Diesel
2.02009E+14,21665,66,Grey,Vauxhall,Astra,USED,2016,8995,Hatchback,FALSE,Petrol
2.02009E+14,28915,67,Black,MINI,Clubman,USED,2017,22250,Estate,FALSE,Petrol
2.02009E+14,17267,17,Silver,Toyota,C-HR,USED,2017,19795,SUV,FALSE,Petrol Hybrid
2.02009E+14,35010,15,Red,Toyota,Prius,USED,2015,8690,Hatchback,FALSE,Petrol Hybrid
2.02009E+14,39718,66,Black,Vauxhall,Insignia,USED,2016,9699,Estate,FALSE,Diesel
2.02009E+14,36200,14,White,Volkswagen,Golf,USED,2014,14200,Hatchback,FALSE,Diesel
2.02009E+14,109543,7,Blue,Saab,3-Sep,USED,2007,2000,Convertible,FALSE,Diesel
2.02009E+14,24908,17,Blue,Peugeot,3008,USED,2017,21195,SUV,FALSE,Diesel
2.02009E+14,22148,17,Bronze,Nissan,Qashqai,USED,2017,11295,SUV,FALSE,Diesel
2.02009E+14,52000,65,Blue,Land Rover,Discovery 4,USED,2016,28495,SUV,FALSE,Diesel
2.02009E+14,43000,66,Black,Vauxhall,Insignia,USED,2016,8299,Hatchback,FALSE,Diesel
2.02009E+14,120000,7,Black,Audi,A8,USED,2007,3995,Saloon,FALSE,Diesel
2.02009E+14,118538,63,White,Mercedes-Benz,CLA Class,USED,2014,12995,Coupe,FALSE,Diesel
2.02009E+14,8420,18,Blue,Vauxhall,Grandland X,USED,2018,14997,SUV,FALSE,Diesel
2.02009E+14,10600,64,Silver,Rolls-Royce,Wraith,USED,2014,117500,Coupe,FALSE,Petrol
2.02009E+14,10,,Green,Audi,A5,NEW,,42435,Coupe,FALSE,Petrol
2.02009E+14,2500,20,Red,Volkswagen,Polo,USED,2020,14790,Hatchback,FALSE,Petrol
2.02009E+14,62000,62,Grey,SKODA,Fabia,USED,2013,4200,Estate,FALSE,Petrol
2.02009E+14,22532,17,Grey,Vauxhall,Zafira Tourer,USED,2017,10385,MPV,FALSE,Petrol
2.02009E+14,23150,67,Blue,SEAT,Leon,USED,2017,10790,Hatchback,FALSE,Diesel
2.02009E+14,40000,56,Black,MINI,Hatch,USED,2006,4800,Hatchback,FALSE,Petrol
2.02009E+14,19928,19,Red,Honda,CR-V,USED,2019,23000,SUV,FALSE,Petrol Hybrid
2.02009E+14,16663,67,Red,Kia,Venga,USED,2017,11000,MPV,FALSE,Petrol
2.02009E+14,11269,67,White,SKODA,Citigo,USED,2017,8995,Hatchback,FALSE,Petrol
2.02009E+14,54000,16,Blue,Toyota,AYGO,USED,2016,5395,Hatchback,FALSE,Petrol
2.02009E+14,17184,17,White,BMW,3 Series,USED,2017,15300,Saloon,FALSE,Diesel
2.02009E+14,62000,10,Grey,Hyundai,i10,USED,2010,2390,Hatchback,FALSE,Petrol
2.02009E+14,88849,5,Yellow,MINI,Hatch,USED,2005,2995,Hatchback,FALSE,Petrol
2.02009E+14,16790,18,Red,SKODA,Octavia,USED,2018,18000,Hatchback,FALSE,Petrol
2.02009E+14,5000,68,Silver,Nissan,Leaf,USED,2018,20495,Hatchback,FALSE,Electric
2.02009E+14,38573,18,Black,Hyundai,Ioniq,USED,2018,13270,Hatchback,FALSE,Petrol Hybrid
2.02009E+14,67313,64,Grey,Volkswagen,Touareg,USED,2015,17980,SUV,FALSE,Diesel
2.02009E+14,11982,68,Silver,Vauxhall,Corsa,USED,2019,8600,Hatchback,FALSE,Petrol
2.02009E+14,17000,17,Black,Mercedes-Benz,C Class,USED,2017,22750,Convertible,FALSE,Petrol
2.02009E+14,10226,67,Silver,Kia,Picanto,USED,2017,9700,Hatchback,FALSE,Petrol
2.02009E+14,34837,17,Black,Kia,Sportage,USED,2017,11200,SUV,FALSE,Petrol
2.02009E+14,18127,19,Silver,Mercedes-Benz,E Class,USED,2019,25890,Saloon,FALSE,Diesel
2.02009E+14,52000,13,Red,Kia,Picanto,USED,2013,3690,Hatchback,FALSE,Petrol
2.02009E+14,89990,59,Red,Vauxhall,Insignia,USED,2009,3489,Hatchback,FALSE,Diesel
2.02009E+14,32000,17,Blue,Citroen,Grand C4 Picasso,USED,2017,11490,MPV,FALSE,Diesel
2.02009E+14,14207,67,Blue,Citroen,C4 Picasso,USED,2017,13750,MPV,FALSE,Diesel
2.02009E+14,23856,16,Blue,Hyundai,Tucson,USED,2016,13000,SUV,FALSE,Diesel
2.02009E+14,45300,65,Black,Land Rover,Discovery 4,USED,2015,27250,SUV,FALSE,Diesel
2.02009E+14,12000,18,Black,MINI,Countryman,USED,2018,18995,SUV,FALSE,Diesel
2.02009E+14,24675,17,White,Volkswagen,Polo,USED,2017,9255,Hatchback,FALSE,Petrol
2.02009E+14,10234,68,Blue,Mercedes-Benz,C Class,USED,2018,27990,Convertible,FALSE,Petrol
2.02009E+14,14,70,Grey,Mercedes-Benz,GLB Class,USED,2020,37990,SUV,FALSE,Diesel
2.02009E+14,12450,19,Red,Toyota,AYGO,USED,2019,8341,Hatchback,FALSE,Petrol
2.02009E+14,4890,70,Red,BMW,2 Series Gran Tourer,USED,2020,29990,MPV,FALSE,Diesel
2.02009E+14,110526,55,Blue,Citroen,Xsara Picasso,USED,2005,990,MPV,FALSE,Diesel
2.02009E+14,51750,63,Black,Volvo,V60,USED,2013,8650,Estate,FALSE,Diesel
2.02009E+14,110033,14,Black,Vauxhall,Insignia,USED,2014,5975,Hatchback,FALSE,Diesel
2.02009E+14,5903,69,Silver,Toyota,Land Cruiser,USED,2019,47495,SUV,FALSE,Diesel
2.02009E+14,63987,64,Black,Audi,A3,USED,2014,12000,Hatchback,FALSE,Diesel
2.02009E+14,79500,61,Red,Volkswagen,Polo,USED,2011,7699,Hatchback,FALSE,Petrol
2.02009E+14,77987,15,Black,BMW,4 Series Gran Coupe,USED,2015,13500,Saloon,FALSE,Diesel
2.02009E+14,29909,67,Red,Kia,Sportage,USED,2017,16495,SUV,FALSE,Diesel
2.02009E+14,98000,62,Red,Audi,A3,USED,2012,7770,Hatchback,FALSE,Diesel
2.02009E+14,40000,17,Black,SKODA,Octavia,USED,2017,10000,Hatchback,FALSE,Diesel
2.02009E+14,0,,Grey,Fiat,500,NEW,,14750,Hatchback,FALSE,Petrol
2.02009E+14,0,,White,Fiat,500,NEW,,16600,Hatchback,FALSE,Petrol
2.02009E+14,4361,69,Silver,Lexus,RX 450h,USED,2019,47295,SUV,FALSE,Petrol Hybrid
2.02009E+14,35508,15,White,MINI,Hatch,USED,2015,9395,Hatchback,FALSE,Diesel
2.02009E+14,124825,7,Black,Vauxhall,Zafira,USED,2007,1390,MPV,FALSE,Diesel
2.0201E+14,45091,13,Grey,Land Rover,Range Rover Evoque,USED,2013,16599,SUV,FALSE,Diesel
2.0201E+14,22824,18,Blue,Lexus,RX 450h,USED,2018,37990,SUV,FALSE,Petrol Hybrid
2.0201E+14,75878,64,Black,Audi,R8,USED,2015,46500,Coupe,FALSE,Petrol
2.0201E+14,1001,70,White,Vauxhall,Grandland X,USED,2020,32900,SUV,FALSE,Petrol Plug-in Hybrid
2.0201E+14,10,70,Red,Renault,Captur,USED,2020,19000,SUV,FALSE,Petrol
2.0201E+14,58605,16,Grey,Citroen,C4 Cactus,USED,2016,7500,Hatchback,FALSE,Diesel
2.0201E+14,37716,65,Red,Toyota,AYGO,USED,2015,5000,Hatchback,FALSE,Petrol
2.0201E+14,67000,64,Silver,Kia,Sportage,USED,2014,8495,SUV,FALSE,Diesel
2.0201E+14,100,70,White,Volkswagen,Touareg,USED,2020,41290,SUV,FALSE,Diesel
2.0201E+14,10,,Black,Kia,XCeed,NEW,,25925,SUV,FALSE,Petrol
2.0201E+14,18000,65,Black,Citroen,C1,USED,2015,5675,Convertible,FALSE,Petrol
2.0201E+14,1000,70,Grey,Volkswagen,Golf,USED,2020,22000,Hatchback,FALSE,Petrol
2.0201E+14,3791,69,White,Volkswagen,Golf,USED,2019,23422,Hatchback,FALSE,Electric
2.0201E+14,10,,Black,Volvo,XC90,NEW,,72242,SUV,FALSE,Petrol Plug-in Hybrid
2.0201E+14,86773,11,Blue,Lexus,CT 200h,USED,2011,7380,Hatchback,FALSE,Petrol Hybrid
2.0201E+14,59000,13,Grey,Vauxhall,Astra,USED,2013,4695,Hatchback,FALSE,Petrol
2.0201E+14,29283,66,Blue,Toyota,Auris,USED,2016,13897,Estate,FALSE,Petrol Hybrid
2.0201E+14,18084,17,White,MINI,Countryman,USED,2017,26622,SUV,FALSE,Petrol
2.0201E+14,28453,13,Blue,BMW,M3,USED,2013,25490,Convertible,FALSE,Petrol
2.0201E+14,42281,66,Black,Mercedes-Benz,E Class,USED,2016,18250,Saloon,FALSE,Diesel
2.0201E+14,34562,17,Blue,Toyota,RAV4,USED,2017,15995,SUV,FALSE,Diesel
2.0201E+14,97413,16,Black,BMW,X5,USED,2016,19980,SUV,FALSE,Petrol Plug-in Hybrid
2.0201E+14,55505,14,Red,Nissan,Qashqai,USED,2014,7500,SUV,FALSE,Petrol
2.0201E+14,92300,60,White,Vauxhall,Corsa,USED,2010,2195,Hatchback,FALSE,Petrol
2.0201E+14,10000,68,Black,BMW,1 Series,USED,2018,14995,Hatchback,FALSE,Petrol
2.0201E+14,35951,65,Blue,Honda,HR-V,USED,2015,11995,SUV,FALSE,Petrol
2.0201E+14,83310,65,Silver,Vauxhall,Insignia,USED,2015,6490,Estate,FALSE,Diesel
2.0201E+14,13752,18,Black,Audi,A4,USED,2018,14999,Saloon,FALSE,Petrol
2.0201E+14,457,20,Grey,Volvo,XC90,USED,2020,43985,SUV,FALSE,Diesel Hybrid
2.0201E+14,21153,17,Blue,Nissan,Juke,USED,2017,11500,SUV,FALSE,Petrol
2.0201E+14,19000,67,Blue,Audi,A3,USED,2017,18499,Hatchback,FALSE,Petrol
2.0201E+14,2584,69,White,Hyundai,i10,USED,2019,11250,Hatchback,FALSE,Petrol
2.0201E+14,0,,Blue,Kia,Sorento,NEW,,38750,SUV,FALSE,Petrol Hybrid
2.0201E+14,66848,60,White,Audi,Q5,USED,2010,11399,SUV,FALSE,Diesel
2.0201E+14,2811,69,Grey,SKODA,Superb,USED,2019,19790,Hatchback,FALSE,Diesel
2.0201E+14,48000,59,Grey,Smart,fortwo,USED,2009,3200,Coupe,FALSE,Petrol
2.0201E+14,8110,67,Blue,Nissan,Qashqai,USED,2017,12800,SUV,FALSE,Petrol
2.0201E+14,39801,16,Grey,Vauxhall,Corsa,USED,2016,6700,Hatchback,FALSE,Petrol
2.0201E+14,9845,18,Grey,Honda,Jazz,USED,2018,15000,Hatchback,FALSE,Petrol
2.0201E+14,63718,65,White,BMW,1 Series,USED,2015,9500,Hatchback,FALSE,Diesel
2.0201E+14,34177,66,Blue,BMW,1 Series,USED,2016,20995,Hatchback,FALSE,Petrol
2.0201E+14,8758,19,Blue,Peugeot,308 SW,USED,2019,14990,Estate,FALSE,Diesel
2.0201E+14,104000,59,Grey,SEAT,Leon,USED,2010,2195,Hatchback,FALSE,Petrol
2.0201E+14,1932,20,Black,Land Rover,Defender 110,USED,2020,54780,SUV,FALSE,Diesel
2.0201E+14,73000,13,Green,Honda,Civic,USED,2013,5495,Hatchback,FALSE,Diesel
2.0201E+14,54344,66,White,Jaguar,F-PACE,USED,2016,25850,SUV,FALSE,Diesel
2.0201E+14,51835,13,Silver,SKODA,Fabia,USED,2013,5499,Estate,FALSE,Petrol
2.0201E+14,25000,10,Silver,MINI,Hatch,USED,2010,7999,Hatchback,FALSE,Petrol
2.0201E+14,55612,55,Black,Peugeot,107,USED,2006,1750,Hatchback,FALSE,Petrol
2.0201E+14,8,70,Blue,Suzuki,Ignis,USED,2020,10890,Hatchback,FALSE,Petrol Hybrid
2.0201E+14,22810,17,White,SKODA,Superb,USED,2017,15999,Estate,FALSE,Diesel
2.0201E+14,32000,67,Black,Mercedes-Benz,A Class,USED,2017,12200,Hatchback,FALSE,Diesel
2.0201E+14,52516,12,Red,Alfa Romeo,Giulietta,USED,2012,6575,Hatchback,FALSE,Petrol
2.0201E+14,98512,51,Black,Audi,TT,USED,2002,1999,Coupe,FALSE,Petrol
2.0201E+14,54276,62,Black,BMW,1 Series,USED,2012,7000,Coupe,FALSE,Diesel
2.0201E+14,25710,18,Black,Mercedes-Benz,C Class,USED,2018,29990,Saloon,FALSE,Petrol
2.0201E+14,21428,18,Black,Audi,Q5,USED,2018,29825,SUV,FALSE,Petrol
2.0201E+14,10,70,Grey,Citroen,C4 Cactus,USED,2020,17000,Hatchback,FALSE,Petrol
2.0201E+14,19866,15,Black,Vauxhall,Corsa,USED,2015,7250,Hatchback,FALSE,Petrol
2.0201E+14,48000,55,Green,Maserati,Quattroporte,USED,2005,11995,Saloon,FALSE,Petrol
2.0201E+14,54523,67,Black,Jaguar,F-PACE,USED,2017,25000,SUV,FALSE,Diesel
2.0201E+14,57633,64,Black,Land Rover,Range Rover Sport,USED,2014,29950,SUV,FALSE,Diesel
2.0201E+14,22755,17,Grey,Nissan,Note,USED,2017,7290,Hatchback,FALSE,Petrol
2.0201E+14,24000,17,Grey,Vauxhall,Astra,USED,2017,9995,Hatchback,FALSE,Petrol
2.0201E+14,3808,68,Black,Jaguar,XF,USED,2019,28995,Saloon,FALSE,Petrol
2.0201E+14,13469,18,Blue,DS AUTOMOBILES,DS 7 CROSSBACK,USED,2018,22490,SUV,FALSE,Diesel
2.0201E+14,25123,65,Green,Peugeot,2008,USED,2015,8500,SUV,FALSE,Petrol
2.0201E+14,39655,13,,Nissan,Juke,USED,2013,6145,SUV,FALSE,Petrol
2.0201E+14,14,20,Grey,Mazda,CX-30,USED,2020,23989,SUV,FALSE,Petrol
2.0201E+14,71000,58,Blue,Nissan,Note,USED,2008,1950,Hatchback,FALSE,Petrol
2.0201E+14,15271,17,Silver,Mercedes-Benz,E Class,USED,2017,26000,Estate,FALSE,Diesel
2.0201E+14,12549,66,Silver,Audi,A1,USED,2016,12763,Hatchback,FALSE,Petrol
2.0201E+14,39929,66,Grey,Kia,Sportage,USED,2016,12225,SUV,FALSE,Diesel
2.0201E+14,7957,67,Red,Peugeot,208,USED,2017,9995,Hatchback,FALSE,Petrol
2.0201E+14,4230,69,White,Renault,Koleos,USED,2019,23495,SUV,FALSE,Diesel
2.0201E+14,22320,16,Grey,Mercedes-Benz,A Class,USED,2016,16999,Hatchback,FALSE,Diesel
2.0201E+14,59230,7,Grey,BMW,3 Series,USED,2007,6195,Convertible,FALSE,Petrol
2.0201E+14,63294,14,White,Nissan,Qashqai,USED,2014,10000,SUV,FALSE,Petrol
2.0201E+14,52700,64,Blue,Mazda,Mazda5,USED,2015,8995,MPV,FALSE,Petrol
2.0201E+14,54381,67,White,Kia,Sportage,USED,2017,14800,SUV,FALSE,Diesel
2.0201E+14,2056,69,Grey,Kia,Sportage,USED,2019,23300,SUV,FALSE,Petrol
2.0201E+14,110000,8,Blue,Toyota,AYGO,USED,2008,1500,Hatchback,FALSE,Petrol
2.0201E+14,8021,18,Blue,SKODA,Karoq,USED,2018,16490,SUV,FALSE,Diesel
2.0201E+14,10,,White,Jaguar,XF,NEW,,29999,Saloon,FALSE,Diesel
2.0201E+14,200,70,Black,Mercedes-Benz,GLE Class,USED,2020,75990,SUV,FALSE,Petrol
2.0201E+14,71000,61,Red,Vauxhall,Astra,USED,2012,3290,Hatchback,FALSE,Petrol
2.0201E+14,42355,17,Gold,Volvo,XC60,USED,2017,18500,SUV,FALSE,Diesel
2.0201E+14,82934,60,Silver,Kia,Venga,USED,2011,1795,Hatchback,FALSE,Petrol
2.0201E+14,0,,Grey,Nissan,Juke,NEW,,20017,SUV,FALSE,Petrol
2.0201E+14,66848,64,White,Vauxhall,Mokka,USED,2014,6027,Hatchback,FALSE,Petrol
2.0201E+14,54799,16,Silver,Mercedes-Benz,C Class,USED,2016,15764,Saloon,FALSE,Diesel
2.0201E+14,11953,17,Red,Suzuki,Ignis,USED,2017,7490,Hatchback,FALSE,Petrol
2.0201E+14,77438,11,White,SKODA,Fabia,USED,2011,2750,Hatchback,FALSE,Diesel
2.0201E+14,95422,15,Grey,Audi,A3,USED,2015,8000,Hatchback,FALSE,Diesel
2.0201E+14,23000,17,Grey,BMW,3 Series,USED,2017,21990,Saloon,FALSE,Diesel
2.0201E+14,58569,65,Grey,Land Rover,Discovery Sport,USED,2015,17995,SUV,FALSE,Diesel
2.0201E+14,49996,62,Black,Land Rover,Freelander 2,USED,2012,15199,SUV,FALSE,Diesel
2.0201E+14,26390,67,Red,Mercedes-Benz,A Class,USED,2017,17450,Hatchback,FALSE,Diesel
2.0201E+14,83000,14,Blue,Kia,Sportage,USED,2014,7500,SUV,FALSE,Diesel
2.0201E+14,58000,7,Grey,Volkswagen,Golf,USED,2007,4350,Hatchback,FALSE,Petrol
2.0201E+14,7206,69,Silver,Mercedes-Benz,C Class,USED,2019,21499,Saloon,FALSE,Petrol
2.0201E+14,4000,69,Grey,Jaguar,I-PACE,USED,2019,53980,SUV,FALSE,Electric
2.0201E+14,81145,14,Black,Renault,Clio,USED,2014,5470,Hatchback,FALSE,Diesel
2.0201E+14,77000,62,Black,Peugeot,3008,USED,2012,4495,SUV,FALSE,Diesel
2.0201E+14,56287,64,Blue,Dacia,Sandero,USED,2014,3995,Hatchback,FALSE,Petrol
2.0201E+14,95000,61,Silver,Mercedes-Benz,E Class,USED,2011,8190,Saloon,FALSE,Diesel
2.0201E+14,73000,65,Black,BMW,4 Series,USED,2015,15295,Coupe,FALSE,Diesel
2.0201E+14,11724,19,Grey,Jeep,Renegade,USED,2019,17495,SUV,FALSE,Diesel
2.0201E+14,96432,10,Black,Honda,Civic,USED,2010,2480,Hatchback,FALSE,Petrol
2.0201E+14,37431,67,Black,Volkswagen,Tiguan,USED,2017,20499,SUV,FALSE,Diesel
2.0201E+14,6257,19,Grey,SEAT,Ibiza,USED,2019,12295,Hatchback,FALSE,Petrol
2.0201E+14,59510,16,Black,MINI,Hatch,USED,2016,7742,Hatchback,FALSE,Diesel
2.0201E+14,13800,66,Grey,Volkswagen,Golf,USED,2016,12790,Hatchback,FALSE,Diesel
2.0201E+14,50569,15,Red,Land Rover,Discovery Sport,USED,2015,19350,SUV,FALSE,Diesel
2.0201E+14,55000,65,Grey,Vauxhall,Vivaro,USED,2015,10995,,FALSE,Diesel
2.0201E+14,37150,15,White,Alfa Romeo,Giulietta,USED,2015,8900,Hatchback,FALSE,Petrol
2.0201E+14,3825,19,White,Mercedes-Benz,E Class,USED,2019,34990,Saloon,FALSE,Diesel
2.0201E+14,41000,16,Red,Mazda,CX-3,USED,2016,10990,SUV,FALSE,Diesel
2.0201E+14,10,,Grey,Mercedes-Benz,C Class,NEW,,44684,Estate,FALSE,Diesel
2.0201E+14,54000,,White,Toyota,Prius+,USED,2019,10900,MPV,FALSE,Petrol Hybrid
2.0201E+14,54000,67,Blue,Mercedes-Benz,A Class,USED,2018,16490,Hatchback,FALSE,Diesel
2.0201E+14,105000,4,Grey,Volkswagen,Polo,USED,2004,995,Hatchback,FALSE,Petrol
2.0201E+14,30144,67,Black,Audi,Q3,USED,2017,18775,SUV,FALSE,Petrol
2.0201E+14,36326,67,Black,Audi,A3,USED,2017,12400,Hatchback,FALSE,Diesel
2.0201E+14,12332,17,Silver,Mercedes-Benz,A Class,USED,2017,15700,Hatchback,FALSE,Diesel
2.0201E+14,4560,69,Grey,Land Rover,Discovery Sport,USED,2019,40990,SUV,FALSE,Diesel
2.0201E+14,35490,17,Black,Audi,A1,USED,2017,11000,Hatchback,FALSE,Petrol
2.0201E+14,46656,65,White,Peugeot,2008,USED,2016,7995,SUV,FALSE,Diesel
2.0201E+14,2927,69,Blue,BMW,3 Series,USED,2020,26495,Saloon,FALSE,Diesel
2.0201E+14,6530,18,White,Peugeot,3008,USED,2018,23499,SUV,FALSE,Petrol
2.0201E+14,96000,13,Blue,Toyota,Auris,USED,2013,7150,Hatchback,FALSE,Petrol Hybrid
2.0201E+14,43000,13,White,Fiat,500,USED,2013,4990,Hatchback,FALSE,Petrol
2.0201E+14,19102,62,Red,Nissan,Note,USED,2012,5795,Hatchback,FALSE,Petrol
2.0201E+14,15250,67,Black,Mercedes-Benz,E Class,USED,2017,28495,Convertible,FALSE,Diesel
2.0201E+14,100000,57,Black,Land Rover,Defender 90,USED,2007,18995,SUV,FALSE,Diesel
2.0201E+14,5601,69,Red,Suzuki,Swift,USED,2020,9950,Hatchback,FALSE,Petrol Hybrid
2.0201E+14,14653,17,Blue,BMW,4 Series,USED,2017,25998,Coupe,FALSE,Diesel
2.0201E+14,66098,16,Gold,Volkswagen,Passat,USED,2016,14999,Estate,FALSE,Diesel
2.0201E+14,126000,11,White,Alfa Romeo,Giulietta,USED,2011,2500,Hatchback,FALSE,Diesel
2.0201E+14,14500,68,Red,Mazda,Mazda3,USED,2018,14000,Hatchback,FALSE,Petrol
2.0201E+14,20163,68,Red,Suzuki,Ignis,USED,2018,10999,Hatchback,FALSE,Petrol Hybrid
2.0201E+14,29459,67,White,Volkswagen,Scirocco,USED,2017,14490,Coupe,FALSE,Petrol
2.0201E+14,86000,4,Blue,Citroen,C3,USED,2004,895,Hatchback,FALSE,Petrol
2.0201E+14,29400,18,Blue,Volvo,XC60,USED,2018,37895,SUV,FALSE,Petrol Plug-in Hybrid
2.0201E+14,40262,16,Grey,Audi,A3,USED,2016,15000,Hatchback,FALSE,Diesel
2.0201E+14,13900,69,Red,Vauxhall,Grandland X,USED,2019,18980,SUV,FALSE,Petrol
2.0201E+14,39519,17,White,Mercedes-Benz,GLA Class,USED,2017,21480,SUV,FALSE,Diesel
2.0201E+14,82345,14,Silver,Vauxhall,Astra,USED,2014,3649,Hatchback,FALSE,Diesel
2.0201E+14,174000,53,Black,Volkswagen,Golf,USED,2003,1100,Hatchback,FALSE,Diesel
2.0201E+14,73909,10,Grey,Renault,Clio,USED,2010,2195,Hatchback,FALSE,Petrol
2.02011E+14,46701,15,Grey,SEAT,Ibiza,USED,2015,6000,Hatchback,FALSE,Petrol
2.02011E+14,187000,4,Blue,Toyota,Avensis,USED,2004,895,Estate,FALSE,Diesel
2.01907E+14,10,,Black,BMW,Z4,NEW,,39309,Convertible,FALSE,Petrol
2.01909E+14,23000,55,Red,Ferrari,F430,USED,2005,89995,Convertible,FALSE,Petrol
2.0191E+14,37000,14,Grey,Porsche,Macan,USED,2014,35000,SUV,FALSE,Petrol
2.01911E+14,2768,20,White,SEAT,Ateca,USED,2020,24000,SUV,FALSE,Petrol
2.01912E+14,99000,X,Blue,Volvo,V40,USED,2000,1295,Estate,FALSE,Petrol
2.01912E+14,15917,18,White,Vauxhall,Grandland X,USED,2018,15995,SUV,FALSE,Petrol
2.01912E+14,1000,69,Silver,Mercedes-Benz,E Class,USED,2019,36299,Saloon,FALSE,Diesel Plug-in Hybrid
2.02001E+14,24610,18,Silver,BMW,3 Series,USED,2018,17698,Saloon,FALSE,Diesel
2.02001E+14,22000,67,White,Land Rover,Range Rover Evoque,USED,2017,23995,SUV,FALSE,Diesel
2.02002E+14,9060,68,Yellow,Volkswagen,Golf,USED,2019,15267,Hatchback,FALSE,Petrol
2.02002E+14,21050,14,White,Toyota,Yaris,USED,2014,8995,Hatchback,FALSE,Petrol Hybrid
2.02002E+14,20,,Black,Mercedes-Benz,GLE Class,NEW,,58110,SUV,FALSE,Diesel
2.02002E+14,154000,9,Grey,Volkswagen,Golf,USED,2009,3550,Hatchback,FALSE,Diesel
2.02002E+14,110314,6,Silver,Volkswagen,Fox,USED,2006,1275,Hatchback,FALSE,Petrol
2.02002E+14,30144,13,White,Fiat,500,USED,2013,4195,Hatchback,FALSE,Petrol
2.02003E+14,61500,64,White,MINI,Hatch,USED,2014,6995,Hatchback,FALSE,Petrol
2.02004E+14,4000,70,Grey,Audi,SQ5,USED,2020,56999,SUV,FALSE,Diesel
2.02005E+14,10,,Grey,Mercedes-Benz,C Class,NEW,,39194,Estate,FALSE,Petrol
2.02005E+14,8919,19,Grey,Mercedes-Benz,E Class,USED,2019,32999,Saloon,FALSE,Diesel
2.02006E+14,103450,,Bronze,BMW,3 Series,USED,2006,6000,Convertible,FALSE,Petrol
2.02006E+14,27658,15,Blue,Audi,A5,USED,2015,16790,Coupe,FALSE,Diesel
2.02006E+14,27369,17,White,Audi,Q7,USED,2017,30990,SUV,FALSE,Diesel
2.02006E+14,6000,66,Grey,Hyundai,i10,USED,2016,7750,Hatchback,FALSE,Petrol
2.02006E+14,14513,69,Grey,Renault,Kadjar,USED,2019,15484,SUV,FALSE,Petrol
2.02006E+14,92000,15,Red,Land Rover,Range Rover Sport,USED,2015,43990,SUV,FALSE,Diesel
2.02006E+14,27500,62,Silver,Vauxhall,Agila,USED,2012,4495,Hatchback,FALSE,Petrol
2.02007E+14,45802,15,Grey,Mercedes-Benz,C Class,USED,2015,15500,Saloon,FALSE,Diesel
2.02007E+14,54000,61,Blue,Vauxhall,Meriva,USED,2011,3500,MPV,FALSE,Petrol
2.02007E+14,9864,19,White,Volkswagen,Sharan,USED,2019,22500,MPV,FALSE,Diesel
2.02007E+14,48380,65,Black,Volvo,V70,USED,2015,11990,Estate,FALSE,Diesel
2.02007E+14,4000,20,Black,Volkswagen,Tiguan,USED,2020,29950,SUV,FALSE,Diesel
2.02007E+14,8723,69,Grey,Vauxhall,Mokka X,USED,2019,14995,SUV,FALSE,Petrol
2.02007E+14,40813,18,Silver,Kia,Sportage,USED,2018,15199,SUV,FALSE,Diesel
2.02007E+14,26571,17,Black,Citroen,Grand C4 Picasso,USED,2017,14933,MPV,FALSE,Diesel
2.02007E+14,5375,69,White,Subaru,XV,USED,2019,21995,SUV,FALSE,Petrol
2.02007E+14,38661,16,Blue,Audi,Q3,USED,2016,15990,SUV,FALSE,Diesel
2.02007E+14,19521,66,Silver,Suzuki,Vitara,USED,2016,9824,SUV,FALSE,Petrol
2.02007E+14,16160,18,Blue,Nissan,Qashqai,USED,2018,15390,SUV,FALSE,Petrol
2.02007E+14,3460,69,Black,Volkswagen,Polo,USED,2020,14255,Hatchback,FALSE,Petrol
2.02007E+14,1693,20,White,Volkswagen,Polo,USED,2020,14498,Hatchback,FALSE,Petrol
2.02007E+14,64000,3,Silver,Bentley,Arnage,USED,2003,26000,Saloon,FALSE,Petrol
2.02008E+14,9373,18,Blue,SEAT,Arona,USED,2018,15000,SUV,FALSE,Diesel
2.02008E+14,24663,17,Black,Lexus,NX 300h,USED,2017,23965,SUV,FALSE,Petrol Hybrid
2.02008E+14,11118,18,Black,Peugeot,208,USED,2018,9491,Hatchback,FALSE,Petrol
2.02008E+14,21849,66,White,Citroen,Grand C4 Picasso,USED,2016,12700,MPV,FALSE,Diesel
2.02008E+14,82454,15,Red,Kia,Picanto,USED,2015,5281,Hatchback,FALSE,Petrol
2.02008E+14,13958,17,Grey,Volkswagen,Golf SV,USED,2017,14690,MPV,FALSE,Petrol
2.02008E+14,18031,17,Blue,Audi,Q3,USED,2017,20995,SUV,FALSE,Petrol
2.02008E+14,25000,17,White,SEAT,Ibiza,USED,2017,8500,Hatchback,FALSE,Petrol
2.02008E+14,91000,59,Grey,Volvo,S40,USED,2009,2995,Saloon,FALSE,Petrol
2.02008E+14,15934,17,Green,MINI,Clubman,USED,2017,16497,Estate,FALSE,Diesel
2.02008E+14,21000,67,Black,Audi,A4 Avant,USED,2017,17000,Estate,FALSE,Petrol
2.02008E+14,14800,66,White,Suzuki,Swift,USED,2016,9340,Hatchback,FALSE,Petrol
2.02008E+14,69974,60,Beige,Renault,Clio,USED,2010,2280,Hatchback,FALSE,Petrol
2.02008E+14,18887,18,Silver,Land Rover,Range Rover,USED,2018,59995,SUV,FALSE,Diesel
2.02008E+14,36484,66,Red,Vauxhall,Corsa,USED,2016,5699,Hatchback,FALSE,Petrol
2.02008E+14,5170,69,Blue,BMW,2 Series,USED,2019,22980,Coupe,FALSE,Diesel
2.02008E+14,57269,15,Blue,Volkswagen,Tiguan,USED,2015,11380,SUV,FALSE,Diesel
2.02008E+14,32000,61,Black,Volvo,S40,USED,2011,6480,Saloon,FALSE,Petrol
2.02008E+14,68829,15,Black,Volkswagen,Golf,USED,2015,14600,Hatchback,FALSE,Petrol
2.02008E+14,63220,10,Silver,Vauxhall,Astra,USED,2010,3250,Hatchback,FALSE,Petrol
2.02008E+14,18624,67,White,Peugeot,108,USED,2017,6795,Hatchback,FALSE,Petrol
2.02008E+14,10939,67,Grey,Peugeot,2008,USED,2017,12200,SUV,FALSE,Petrol
2.02008E+14,20889,67,Black,Citroen,C3 Aircross,USED,2018,11495,SUV,FALSE,Petrol
2.02008E+14,47831,62,White,Suzuki,Swift,USED,2012,5650,Hatchback,FALSE,Petrol
2.02008E+14,4824,19,White,Vauxhall,Astra,USED,2019,13150,Hatchback,FALSE,Petrol
2.02008E+14,5431,69,Black,Audi,A3,USED,2019,17000,Hatchback,FALSE,Petrol
2.02008E+14,1500,20,Grey,Honda,Civic,USED,2020,18995,Hatchback,FALSE,Petrol
2.02008E+14,41196,65,White,Citroen,C1,USED,2016,6500,Hatchback,FALSE,Petrol
2.02008E+14,47967,15,Blue,BMW,3 Series Gran Turismo,USED,2015,14250,Hatchback,FALSE,Petrol
2.02008E+14,32561,16,Purple,DS AUTOMOBILES,DS 3 CABRIO,USED,2016,8495,Convertible,FALSE,Petrol
2.02008E+14,42,16,,Ferrari,California,USED,2016,114900,Convertible,FALSE,Petrol
2.02008E+14,73606,9,Black,Vauxhall,Vectra,USED,2009,2495,Hatchback,FALSE,Petrol
2.02008E+14,58985,65,Grey,Toyota,Auris,USED,2015,7650,Hatchback,FALSE,Diesel
2.02008E+14,20358,18,White,Volkswagen,up!,USED,2018,7000,Hatchback,FALSE,Petrol
2.02008E+14,15907,18,White,SEAT,Leon,USED,2018,10907,Hatchback,FALSE,Petrol
2.02008E+14,52142,16,Grey,Audi,S3,USED,2016,19995,Hatchback,FALSE,Petrol
2.02008E+14,32000,18,Black,Suzuki,Ignis,USED,2018,9290,Hatchback,FALSE,Petrol
2.02008E+14,12206,67,Black,Volkswagen,Golf,USED,2017,19999,Hatchback,FALSE,Petrol Plug-in Hybrid
2.02008E+14,65417,62,Red,Audi,A1,USED,2012,6990,Hatchback,FALSE,Diesel
2.02008E+14,24278,64,Red,Mercedes-Benz,A Class,USED,2015,13737,Hatchback,FALSE,Diesel
2.02009E+14,38329,14,Silver,Mercedes-Benz,E Class,USED,2014,12999,Saloon,FALSE,Diesel
2.02009E+14,37000,13,Red,Fiat,Panda,USED,2013,4495,Hatchback,FALSE,Petrol
2.02009E+14,32900,65,Red,Vauxhall,ADAM,USED,2015,7270,Hatchback,FALSE,Petrol
2.02009E+14,87000,61,Black,Volkswagen,Golf,USED,2011,6995,Hatchback,FALSE,Diesel
2.02009E+14,3000,69,Grey,Peugeot,208,USED,2019,13795,Hatchback,FALSE,Petrol
2.02009E+14,13490,18,Black,MINI,Hatch,USED,2018,11975,Hatchback,FALSE,Petrol
2.02009E+14,30438,68,Silver,Hyundai,Ioniq,USED,2018,12799,Hatchback,FALSE,Petrol Hybrid
2.02009E+14,25189,19,Silver,Hyundai,Tucson,USED,2019,16750,SUV,FALSE,Petrol
2.02009E+14,9000,69,Blue,Volvo,V60,USED,2019,28250,Estate,FALSE,Diesel
2.02009E+14,31700,14,Grey,Toyota,Auris,USED,2014,10290,Hatchback,FALSE,Petrol Hybrid
2.02009E+14,42493,65,Blue,Mercedes-Benz,GLA Class,USED,2015,16750,SUV,FALSE,Diesel
2.02009E+14,21027,66,White,MINI,Hatch,USED,2016,12595,Hatchback,FALSE,Petrol
2.02009E+14,46000,65,Red,Vauxhall,ADAM,USED,2015,6995,Hatchback,FALSE,Petrol
2.02009E+14,4539,19,Black,Suzuki,Ignis,USED,2019,9499,Hatchback,FALSE,Petrol Hybrid
2.02009E+14,0,,Grey,Toyota,C-HR,NEW,,28888,SUV,FALSE,Petrol Hybrid
2.02009E+14,19880,19,Black,DS AUTOMOBILES,DS 7 CROSSBACK,USED,2019,21495,SUV,FALSE,Petrol
2.02009E+14,29490,67,Black,Audi,A6 Avant,USED,2017,19126,Estate,FALSE,Diesel
2.02009E+14,31203,17,Red,Vauxhall,Corsa,USED,2017,6559,Hatchback,FALSE,Petrol
2.02009E+14,40706,66,Black,Mercedes-Benz,S Class,USED,2016,30000,Saloon,FALSE,Diesel
2.02009E+14,43501,17,Grey,Honda,CR-V,USED,2017,13492,SUV,FALSE,Diesel
2.02009E+14,27004,67,Blue,Volkswagen,Scirocco,USED,2017,16784,Coupe,FALSE,Diesel
2.02009E+14,11838,68,Grey,Volvo,XC60,USED,2018,47990,SUV,FALSE,Petrol Plug-in Hybrid
2.02009E+14,3000,70,Grey,Mercedes-Benz,GLC Class,USED,2020,46900,SUV,FALSE,Diesel
2.02009E+14,50902,66,Black,Mercedes-Benz,C Class,USED,2016,13200,Estate,FALSE,Diesel
2.02009E+14,74000,66,Grey,Vauxhall,Insignia,USED,2016,6579,Hatchback,FALSE,Diesel
2.02009E+14,3978,69,Black,Volvo,V60,USED,2020,26000,Estate,FALSE,Diesel
2.02009E+14,43820,68,Black,Audi,A3,USED,2018,14500,Hatchback,FALSE,Petrol
2.02009E+14,60690,12,White,Kia,Rio,USED,2012,3495,Hatchback,FALSE,Petrol
2.02009E+14,28765,16,Black,SEAT,Leon,USED,2016,10995,Hatchback,FALSE,Diesel
2.02009E+14,22634,17,Black,Kia,Optima,USED,2017,16780,Saloon,FALSE,Petrol Plug-in Hybrid
2.02009E+14,25265,68,Black,Mercedes-Benz,CLA Class,USED,2018,31000,Coupe,FALSE,Petrol
2.02009E+14,15998,65,Grey,Vauxhall,Insignia,USED,2015,8495,Hatchback,FALSE,Petrol
2.02009E+14,8193,69,Blue,Honda,CR-V,USED,2019,26999,SUV,FALSE,Petrol
2.02009E+14,24720,67,White,Nissan,Micra,USED,2017,10000,Hatchback,FALSE,Petrol
2.02009E+14,10,70,Grey,Kia,Ceed,USED,2020,19999,Hatchback,FALSE,Petrol
2.02009E+14,28377,18,Red,Toyota,RAV4,USED,2018,20995,SUV,FALSE,Petrol Hybrid
2.02009E+14,3288,69,White,MINI,Clubman,USED,2019,16990,Estate,FALSE,Petrol
2.02009E+14,10,,Black,Hyundai,Tucson,NEW,,22815,SUV,FALSE,Petrol
2.02009E+14,17837,19,White,Jeep,Compass,USED,2019,18895,SUV,FALSE,Petrol
2.02009E+14,31602,67,Grey,MINI,Hatch,USED,2017,11300,Hatchback,FALSE,Petrol
2.02009E+14,141500,59,Black,Land Rover,Freelander 2,USED,2009,4950,SUV,FALSE,Diesel
2.02009E+14,38000,17,Grey,Land Rover,Discovery Sport,USED,2017,18490,SUV,FALSE,Diesel
2.02009E+14,15250,68,Grey,Toyota,Yaris,USED,2018,9490,Hatchback,FALSE,Petrol
2.02009E+14,29646,66,Black,Volkswagen,Polo,USED,2016,9290,Hatchback,FALSE,Petrol
2.02009E+14,68682,13,White,Audi,A5,USED,2013,12480,Coupe,FALSE,Petrol
2.02009E+14,50,70,Black,Volvo,XC90,USED,2020,48750,SUV,FALSE,Petrol Hybrid
2.02009E+14,83270,11,Silver,BMW,3 Series,USED,2011,7795,Estate,FALSE,Diesel
2.02009E+14,21701,18,Blue,Hyundai,i10,USED,2018,7790,Hatchback,FALSE,Petrol
2.02009E+14,92000,13,White,Mercedes-Benz,C Class,USED,2013,10989,Coupe,FALSE,Petrol
2.02009E+14,117000,63,Black,BMW,5 Series,USED,2013,9990,Saloon,FALSE,Diesel
2.02009E+14,47377,66,White,Renault,Captur,USED,2016,7990,SUV,FALSE,Diesel
2.02009E+14,1500,70,Grey,Mercedes-Benz,A Class,USED,2020,26995,Saloon,FALSE,Petrol
2.02009E+14,100000,51,Red,Audi,TT,USED,2001,2850,Coupe,FALSE,Petrol
2.02009E+14,39516,18,Black,Volkswagen,Passat,USED,2018,16950,Saloon,FALSE,Diesel
2.02009E+14,27387,18,Grey,Nissan,Juke,USED,2018,11390,SUV,FALSE,Diesel
2.02009E+14,17879,67,Silver,Toyota,Auris,USED,2017,14498,Hatchback,FALSE,Petrol Hybrid
2.02009E+14,38982,67,Silver,Lexus,CT 200h,USED,2017,16195,Hatchback,FALSE,Petrol Hybrid
2.02009E+14,22547,66,Blue,Mercedes-Benz,A Class,USED,2016,15999,Hatchback,FALSE,Diesel
2.02009E+14,50634,66,White,Hyundai,i10,USED,2016,4826,Hatchback,FALSE,Petrol
2.02009E+14,29750,68,Grey,Audi,A6 Saloon,USED,2018,23990,Saloon,FALSE,Diesel
2.02009E+14,36477,17,Grey,Volkswagen,Golf,USED,2017,13990,Hatchback,FALSE,Diesel
2.02009E+14,8068,67,Red,Alfa Romeo,Giulia,USED,2017,23450,Saloon,FALSE,Petrol
2.02009E+14,35848,17,Silver,Audi,A3,USED,2017,18500,Hatchback,FALSE,Petrol
2.02009E+14,0,,Red,SKODA,Kamiq,NEW,,23795,SUV,FALSE,Petrol
2.02009E+14,2180,20,Silver,MINI,Hatch,USED,2020,18990,Hatchback,FALSE,Petrol
2.02009E+14,47200,64,Black,Vauxhall,Zafira Tourer,USED,2014,7795,MPV,FALSE,Diesel
2.02009E+14,0,70,Grey,Land Rover,Range Rover Velar,USED,2020,52995,SUV,FALSE,Diesel
2.02009E+14,18630,18,Blue,Peugeot,108,USED,2018,7495,Hatchback,FALSE,Petrol
2.02009E+14,82000,15,Black,Nissan,Qashqai,USED,2015,10000,SUV,FALSE,Diesel
2.02009E+14,78000,12,Black,Fiat,500C,USED,2012,4990,Convertible,FALSE,Petrol
2.02009E+14,46580,16,Black,Volvo,V40,USED,2016,10143,Hatchback,FALSE,Diesel
2.02009E+14,23943,65,Black,BMW,X5,USED,2015,26499,SUV,FALSE,Diesel
2.02009E+14,5,70,Black,Hyundai,Ioniq,USED,2020,28311,Hatchback,FALSE,Petrol Plug-in Hybrid
2.02009E+14,51511,64,White,Mercedes-Benz,M Class,USED,2014,25650,SUV,FALSE,Petrol
2.02009E+14,27414,62,Red,BMW,Z4,USED,2012,12989,Convertible,FALSE,Petrol
2.02009E+14,23000,17,Black,Nissan,Qashqai,USED,2017,10995,SUV,FALSE,Diesel
2.02009E+14,43977,13,Orange,Kia,Sportage,USED,2013,9000,SUV,FALSE,Diesel
2.02009E+14,29710,67,Red,Peugeot,3008,USED,2017,21491,SUV,FALSE,Diesel
2.02009E+14,9878,20,Grey,BMW,1 Series,USED,2020,30980,Hatchback,FALSE,Petrol
2.02009E+14,66000,63,White,Peugeot,508 SW,USED,2013,9450,Estate,FALSE,Diesel
2.02009E+14,92000,13,Black,Audi,A3,USED,2013,5895,Hatchback,FALSE,Diesel
2.02009E+14,5366,69,Blue,SEAT,Leon,USED,2019,16495,Hatchback,FALSE,Petrol
2.02009E+14,0,,Blue,Abarth,595,NEW,,20540,Hatchback,FALSE,Petrol
2.02009E+14,16601,16,Grey,Porsche,718 Boxster,USED,2016,43000,Convertible,FALSE,Petrol
2.02009E+14,0,,Red,Renault,Captur,NEW,,21900,SUV,FALSE,Petrol
2.02009E+14,0,,White,Dacia,Duster,NEW,,14295,SUV,FALSE,Petrol
2.02009E+14,42000,67,Red,SKODA,Octavia,USED,2017,16490,Hatchback,FALSE,Diesel
2.02009E+14,38674,66,White,MINI,Clubman,USED,2016,15000,Estate,FALSE,Petrol
2.0201E+14,118000,65,Blue,Audi,A6 Allroad,USED,2015,14989,Estate,FALSE,Diesel
2.0201E+14,0,,Grey,Jeep,Wrangler,NEW,,50450,SUV,FALSE,Petrol
2.0201E+14,31832,18,White,Peugeot,2008,USED,2018,8950,SUV,FALSE,Petrol
2.0201E+14,10072,69,Black,Audi,Q3,USED,2019,30000,SUV,FALSE,Petrol
2.0201E+14,27500,17,Grey,Volkswagen,Polo,USED,2017,11750,Hatchback,FALSE,Petrol
2.0201E+14,130000,15,Silver,Mercedes-Benz,C Class,USED,2015,10995,Estate,FALSE,Diesel Hybrid
2.0201E+14,18541,68,Grey,Vauxhall,Grandland X,USED,2018,13299,SUV,FALSE,Petrol
2.0201E+14,21029,67,Silver,Kia,Sportage,USED,2017,20995,SUV,FALSE,Petrol
2.0201E+14,84233,67,Red,BMW,1 Series,USED,2017,10200,Hatchback,FALSE,Petrol
2.0201E+14,6400,20,Black,Audi,Q5,USED,2020,36683,SUV,FALSE,Diesel
2.0201E+14,27168,67,Red,Peugeot,108,USED,2017,5883,Hatchback,FALSE,Petrol
2.0201E+14,83888,61,Grey,Volkswagen,Golf,USED,2011,6197,Hatchback,FALSE,Diesel
2.0201E+14,54719,66,White,Volkswagen,Golf,USED,2017,11000,Hatchback,FALSE,Petrol
2.0201E+14,10,70,Orange,Vauxhall,Corsa,USED,2020,13600,Hatchback,FALSE,Petrol
2.0201E+14,97462,14,White,Vauxhall,Astra GTC,USED,2014,5995,Coupe,FALSE,Diesel
2.0201E+14,18088,17,White,BMW,1 Series,USED,2017,13995,Hatchback,FALSE,Petrol
2.0201E+14,14000,17,Black,Volkswagen,Golf,USED,2017,9750,Hatchback,FALSE,Diesel
2.0201E+14,8377,65,White,Toyota,AYGO,USED,2015,6495,Hatchback,FALSE,Petrol
2.0201E+14,42333,17,Silver,Land Rover,Discovery,USED,2017,38990,SUV,FALSE,Diesel
2.0201E+14,50211,67,Silver,Vauxhall,Zafira Tourer,USED,2017,9698,MPV,FALSE,Petrol
2.0201E+14,31241,15,Black,Nissan,Qashqai,USED,2015,11290,SUV,FALSE,Diesel
2.0201E+14,5900,19,Black,Volvo,V60,USED,2019,24495,Estate,FALSE,Diesel
2.0201E+14,54600,13,Black,Nissan,Juke,USED,2013,6999,SUV,FALSE,Petrol
2.0201E+14,84000,9,Silver,Porsche,Cayenne,USED,2009,12990,SUV,FALSE,Diesel
2.0201E+14,5,,Grey,Honda,Civic,NEW,,35370,Hatchback,FALSE,Petrol
2.0201E+14,61816,15,White,Vauxhall,Mokka,USED,2015,6999,Hatchback,FALSE,Petrol
2.0201E+14,10275,18,Grey,Citroen,Berlingo,USED,2018,12495,MPV,FALSE,Diesel
2.0201E+14,17689,19,White,Mercedes-Benz,E Class,USED,2019,46950,Convertible,FALSE,Petrol
2.0201E+14,69044,17,Black,Nissan,Qashqai,USED,2017,11000,SUV,FALSE,Diesel
2.0201E+14,17722,68,Red,Mazda,CX-5,USED,2018,18980,SUV,FALSE,Diesel
2.0201E+14,114000,9,White,Jaguar,X-Type,USED,2009,3250,Saloon,FALSE,Diesel
2.0201E+14,68406,56,Grey,BMW,3 Series,USED,2006,7495,Coupe,FALSE,Petrol
2.0201E+14,20263,67,Black,Volkswagen,Polo,USED,2017,10790,Hatchback,FALSE,Petrol
2.0201E+14,43130,66,White,Land Rover,Range Rover Sport,USED,,35990,SUV,FALSE,Diesel
2.0201E+14,37564,68,Grey,Citroen,C3,USED,2018,10000,Hatchback,FALSE,Petrol
2.0201E+14,20000,19,Blue,Audi,A5,USED,2019,28950,Coupe,FALSE,Diesel
2.0201E+14,49851,13,Silver,Volkswagen,Touran,USED,2013,9495,MPV,FALSE,Diesel
2.0201E+14,6470,67,Blue,Toyota,Yaris,USED,2017,12990,Hatchback,FALSE,Petrol Hybrid
2.0201E+14,25345,67,Silver,Land Rover,Range Rover Sport,USED,2017,43995,SUV,FALSE,Diesel
2.0201E+14,9932,69,Grey,Renault,Kadjar,USED,2019,16599,SUV,FALSE,Petrol
2.0201E+14,67450,13,White,Fiat,500,USED,2013,3590,Hatchback,FALSE,Petrol
2.0201E+14,4000,69,Silver,Hyundai,i10,USED,2019,8400,Hatchback,FALSE,Petrol
2.0201E+14,12403,69,White,BMW,1 Series,USED,2020,23790,Hatchback,FALSE,Petrol
2.0201E+14,111150,10,Black,BMW,1 Series,USED,2010,3650,Hatchback,FALSE,Diesel
2.0201E+14,19753,17,Black,Volkswagen,Golf,USED,2017,19999,Hatchback,FALSE,Petrol
2.0201E+14,80000,59,Silver,Peugeot,308 SW,USED,2009,2895,Estate,FALSE,Diesel
2.0201E+14,109450,16,Red,Nissan,Qashqai,USED,2016,6995,SUV,FALSE,Diesel
2.0201E+14,7000,17,Black,Citroen,C3 Picasso,USED,2017,9990,MPV,FALSE,Diesel
2.0201E+14,16000,19,Silver,Citroen,C3 Aircross,USED,2019,11490,SUV,FALSE,Petrol
2.0201E+14,0,,Red,Kia,Sportage,NEW,,25911,SUV,FALSE,Petrol
2.0201E+14,69000,13,Black,Volkswagen,Golf,USED,2013,10995,Hatchback,FALSE,Diesel
2.0201E+14,13142,18,Silver,MINI,Clubman,USED,2018,15533,Estate,FALSE,Diesel
2.0201E+14,75000,14,White,Kia,Sportage,USED,2014,8990,SUV,FALSE,Diesel
2.0201E+14,0,,Grey,Dacia,Duster,NEW,,18055,SUV,FALSE,Petrol
2.0201E+14,16000,18,Blue,Toyota,Yaris,USED,2018,11995,Hatchback,FALSE,Petrol Hybrid
2.0201E+14,68682,63,Grey,Audi,A3,USED,2013,10490,Hatchback,FALSE,Petrol
2.0201E+14,0,,Grey,Audi,RS Q3,NEW,,57480,SUV,FALSE,Petrol
2.0201E+14,10485,68,White,BMW,3 Series,USED,2019,25950,Saloon,FALSE,Diesel
2.0201E+14,27922,65,White,Vauxhall,Zafira Tourer,USED,2016,9290,MPV,FALSE,Diesel
2.0201E+14,139000,8,Grey,Land Rover,Range Rover Sport,USED,2008,5950,SUV,FALSE,Diesel
2.0201E+14,21124,17,White,Hyundai,i30,USED,2017,10295,Hatchback,FALSE,Petrol
2.0201E+14,84000,63,White,MINI,Countryman,USED,2014,6795,SUV,FALSE,Petrol
2.0201E+14,14832,16,White,SKODA,Citigo,USED,2016,7995,Hatchback,FALSE,Petrol
2.0201E+14,20305,67,Red,Peugeot,208,USED,2017,12250,Hatchback,FALSE,Petrol
2.0201E+14,24204,67,Grey,MINI,Clubman,USED,2017,11999,Estate,FALSE,Petrol
2.0201E+14,38000,17,Grey,Toyota,C-HR,USED,2017,14499,SUV,FALSE,Petrol
2.0201E+14,19586,18,Red,Volkswagen,up!,USED,2018,7500,Hatchback,FALSE,Petrol
2.0201E+14,15703,19,Black,Vauxhall,Corsa,USED,2019,7750,Hatchback,FALSE,Petrol
2.0201E+14,804,20,Grey,Volvo,XC90,USED,2020,42990,SUV,FALSE,Petrol Hybrid
2.0201E+14,48497,13,Silver,Audi,A5 Cabriolet,USED,2013,9995,Convertible,FALSE,Diesel
2.0201E+14,10,70,Grey,Dacia,Duster,USED,2020,13690,SUV,FALSE,Petrol
2.0201E+14,39424,65,Grey,Audi,Q3,USED,2015,14995,SUV,FALSE,Diesel
2.0201E+14,20908,65,Silver,Audi,A1,USED,2015,11500,Hatchback,FALSE,Petrol
2.0201E+14,97356,15,Grey,Land Rover,Discovery Sport,USED,2015,17750,SUV,FALSE,Diesel
2.0201E+14,10759,18,Grey,Vauxhall,Corsa,USED,2018,7800,Hatchback,FALSE,Petrol
2.0201E+14,106000,7,Silver,Hyundai,Coupe,USED,2007,1699,Coupe,FALSE,Petrol
2.0201E+14,3000,20,Silver,Volkswagen,Polo,USED,2020,13995,Hatchback,FALSE,Petrol
2.0201E+14,20000,68,White,Renault,Clio,USED,2018,9995,Hatchback,FALSE,Diesel
2.0201E+14,5,70,Black,Honda,CR-V,USED,2020,31795,SUV,FALSE,Petrol
2.0201E+14,36425,16,White,Audi,A3,USED,2016,10995,Hatchback,FALSE,Petrol
2.0201E+14,70007,62,Grey,Land Rover,Freelander 2,USED,2012,10990,SUV,FALSE,Diesel
2.0201E+14,15400,17,White,Volkswagen,Golf,USED,2017,13750,Hatchback,FALSE,Petrol
2.0201E+14,96300,10,Yellow,MINI,Convertible,USED,2010,3295,Convertible,FALSE,Petrol
2.0201E+14,58980,D,Burgundy,Panther,Kallista,USED,1986,12950,Convertible,FALSE,Petrol
2.0201E+14,58788,63,Black,BMW,5 Series,USED,2014,16250,Estate,FALSE,Diesel
2.0201E+14,23889,67,Blue,BMW,4 Series,USED,2017,27980,Convertible,FALSE,Petrol
2.0201E+14,60000,10,Black,Vauxhall,Corsa,USED,2010,2600,Hatchback,FALSE,Petrol
2.0201E+14,6679,68,Black,Land Rover,Discovery,USED,2019,54495,SUV,FALSE,Diesel
2.0201E+14,15877,68,White,Hyundai,Tucson,USED,2018,16990,SUV,FALSE,Petrol
2.0201E+14,19000,63,Black,Porsche,911,USED,2014,79975,Coupe,FALSE,Petrol
2.0201E+14,124123,57,Black,BMW,X5,USED,2007,5499,SUV,FALSE,Diesel
2.0201E+14,16680,18,Grey,Peugeot,2008,USED,2018,11995,SUV,FALSE,Petrol
2.0201E+14,53800,5,Blue,Vauxhall,Tigra,USED,2005,1500,Convertible,FALSE,Petrol
2.0201E+14,72805,13,White,Volkswagen,Tiguan,USED,2013,10990,SUV,FALSE,Diesel
2.0201E+14,120258,10,Grey,Volvo,XC90,USED,2010,5400,SUV,FALSE,Diesel
2.0201E+14,51085,18,Grey,Volvo,V90 Cross Country,USED,2018,22880,Estate,FALSE,Diesel
2.0201E+14,9093,69,Green,Jaguar,F-Type,USED,2019,52844,Convertible,FALSE,Petrol
2.0201E+14,11922,68,Red,Nissan,Juke,USED,2018,12000,SUV,FALSE,Petrol
2.0201E+14,15,,Black,Peugeot,208,NEW,,15645,Hatchback,FALSE,Petrol
2.0201E+14,36961,16,Multicolour,Renault,Captur,USED,2016,9558,SUV,FALSE,Diesel
2.0201E+14,10823,69,Grey,Dacia,Duster,USED,2019,15299,SUV,FALSE,Petrol
2.0201E+14,16889,68,Silver,Mercedes-Benz,A Class,USED,2018,19950,Hatchback,FALSE,Petrol
2.0201E+14,75336,64,Silver,Mercedes-Benz,C Class,USED,2014,14000,Saloon,FALSE,Diesel
2.0201E+14,114000,10,Blue,Vauxhall,Insignia,USED,2010,1895,Hatchback,FALSE,Petrol
2.0201E+14,73061,17,Grey,Mercedes-Benz,E Class,USED,2017,15499,Saloon,FALSE,Diesel
2.0201E+14,71111,13,White,Audi,Q5,USED,2013,15000,SUV,FALSE,Diesel
2.0201E+14,34924,59,White,Fiat,500,USED,2009,3700,Hatchback,FALSE,Petrol
2.0201E+14,4100,20,White,Peugeot,3008,USED,2020,26600,SUV,FALSE,Petrol
2.0201E+14,7880,67,White,Hyundai,i10,USED,2017,7500,Hatchback,FALSE,Petrol
2.0201E+14,12845,66,White,Volkswagen,Tiguan,USED,2016,24990,SUV,FALSE,Diesel
2.0201E+14,49925,65,White,Nissan,Juke,USED,2015,7480,SUV,FALSE,Diesel
2.0201E+14,104563,9,Black,BMW,3 Series,USED,2009,6999,Coupe,FALSE,Diesel
2.0201E+14,6539,66,Bronze,Mitsubishi,Mirage,USED,2016,9999,Hatchback,FALSE,Petrol
2.0201E+14,94000,10,Blue,Volvo,XC60,USED,2010,7995,SUV,FALSE,Diesel
2.0201E+14,51000,16,Grey,Mercedes-Benz,C Class,USED,2016,17748,Saloon,FALSE,Diesel
2.0201E+14,115350,57,Grey,SKODA,Fabia,USED,2008,1495,Hatchback,FALSE,Petrol
2.0201E+14,16671,19,Grey,Mercedes-Benz,C Class,USED,2019,22699,Saloon,FALSE,Petrol
2.0201E+14,81000,12,Black,Vauxhall,Astra GTC,USED,2012,3795,Coupe,FALSE,Petrol
2.0201E+14,24760,16,Black,BMW,2 Series Gran Tourer,USED,2016,14399,MPV,FALSE,Petrol
2.0201E+14,82000,S,Grey,Renault,Clio,USED,1998,350,Hatchback,FALSE,Petrol
2.0201E+14,12945,19,Red,DS AUTOMOBILES,DS 3 CROSSBACK,USED,2019,17640,SUV,FALSE,Petrol
2.0201E+14,22500,19,Black,BMW,4 Series,USED,2019,26990,Coupe,FALSE,Diesel
2.0201E+14,2879,20,Black,Nissan,Navara,USED,2020,29990,Pickup,TRUE,Diesel
2.0201E+14,150000,4,Green,Vauxhall,Astra,USED,2004,700,Hatchback,FALSE,Petrol
2.0201E+14,30072,68,Black,Vauxhall,Mokka X,USED,2018,10700,SUV,FALSE,Petrol
2.0201E+14,13012,68,Blue,BMW,1 Series,USED,2018,14800,Hatchback,FALSE,Petrol
2.0201E+14,29472,67,Blue,Mercedes-Benz,C Class,USED,2017,15800,Saloon,FALSE,Diesel
2.0201E+14,90715,17,Black,Audi,A4 Avant,USED,2017,11700,Estate,FALSE,Diesel
2.0201E+14,36200,17,White,Vauxhall,Astra,USED,2017,10299,Estate,FALSE,Diesel
2.0201E+14,94700,65,Grey,Mercedes-Benz,C Class,USED,2015,14000,Estate,FALSE,Petrol Plug-in Hybrid
2.0201E+14,10,,White,Volkswagen,Tiguan,NEW,,39505,SUV,FALSE,Diesel
2.0201E+14,13704,67,Blue,Kia,Picanto,USED,2017,9249,Hatchback,FALSE,Petrol
2.0201E+14,83000,59,Black,Audi,A4,USED,2009,5900,Saloon,FALSE,Petrol
2.0201E+14,45480,17,White,Volvo,XC90,USED,2017,29800,SUV,FALSE,Diesel
2.0201E+14,11,70,White,MG,MG3,USED,2020,12690,Hatchback,FALSE,Petrol
2.0201E+14,65000,14,White,Kia,Sportage,USED,2014,9691,SUV,FALSE,Diesel
2.0201E+14,63369,17,Blue,SKODA,Rapid Spaceback,USED,,7490,Hatchback,FALSE,Diesel
2.0201E+14,36500,13,Black,Mercedes-Benz,B Class,USED,2013,8500,Hatchback,FALSE,Diesel
2.0201E+14,10859,69,Silver,SKODA,Octavia,USED,2019,15495,Estate,FALSE,Petrol
2.0201E+14,59998,57,Black,Mercedes-Benz,CLK,USED,2007,4890,Coupe,FALSE,Diesel
2.0201E+14,38550,59,Red,SKODA,Fabia,USED,2009,2995,Hatchback,FALSE,Petrol
2.0201E+14,10300,16,Grey,Ferrari,F12berlinetta,USED,2016,164995,Coupe,FALSE,Petrol
2.0201E+14,41002,66,White,BMW,4 Series Gran Coupe,USED,2016,22850,Saloon,FALSE,Diesel
2.0201E+14,27833,18,Blue,MG,MG ZS,USED,2018,9995,SUV,FALSE,Petrol
2.0201E+14,22350,17,Grey,SEAT,Alhambra,USED,2017,17490,MPV,FALSE,Diesel
2.0201E+14,10000,15,Blue,Hyundai,i20,USED,2015,9250,Hatchback,FALSE,Petrol
2.0201E+14,33738,66,,Toyota,RAV4,USED,2016,13950,SUV,FALSE,Diesel
2.0201E+14,10422,17,Grey,Jeep,Renegade,USED,2017,12595,SUV,FALSE,Petrol
2.02011E+14,35570,17,Black,Vauxhall,Insignia,USED,2017,10500,Hatchback,FALSE,Diesel
2.02011E+14,35000,66,White,Nissan,Qashqai,USED,2016,11000,SUV,FALSE,Diesel
2.02011E+14,77000,10,Silver,Chevrolet,Spark,USED,2010,1390,Hatchback,FALSE,Petrol
2.01705E+14,34009,Y,Silver,Aston Martin,DB7,USED,2001,28911,Coupe,FALSE,Petrol
2.01811E+14,102600,59,Black,Volvo,S40,USED,2009,2795,Saloon,FALSE,Diesel
2.01909E+14,8790,19,Silver,Volvo,XC60,USED,2019,31990,SUV,FALSE,Petrol
2.01912E+14,0,,Red,Jeep,Compass,NEW,,28430,SUV,FALSE,Petrol
2.02001E+14,11827,19,White,Toyota,AYGO,USED,2019,8044,Hatchback,FALSE,Petrol
2.02001E+14,14462,16,Red,Abarth,595C,USED,2016,11880,Convertible,FALSE,Petrol
2.02002E+14,10,,Silver,Alfa Romeo,Giulietta,NEW,,19645,Hatchback,FALSE,Petrol
2.02002E+14,64643,7,Blue,Renault,Megane,USED,2007,1385,Estate,FALSE,Diesel
2.02003E+14,0,,Grey,Jeep,Renegade,NEW,,25705,SUV,FALSE,Petrol
2.02003E+14,30276,67,Grey,Audi,Q5,USED,2017,26100,SUV,FALSE,Diesel
2.02003E+14,30000,65,White,Vauxhall,Mokka,USED,2015,8995,Hatchback,FALSE,Petrol
2.02003E+14,20486,18,Blue,Toyota,RAV4,USED,2018,20990,SUV,FALSE,Petrol Hybrid
2.02003E+14,2300,69,Grey,SEAT,Leon,USED,2020,19990,Hatchback,FALSE,Petrol
2.02005E+14,4576,69,Blue,Mazda,Mazda6,USED,2019,18495,Saloon,FALSE,Petrol
2.02005E+14,1000,70,Red,Mazda,Mazda6,USED,2020,26250,Saloon,FALSE,Petrol
2.02005E+14,15000,17,Red,Ferrari,California,USED,2017,114000,Convertible,FALSE,Petrol
2.02006E+14,12000,66,Red,Renault,Clio,USED,2016,9995,Hatchback,FALSE,Diesel
